travelID,policyStart,PolicyEnd,TravelType
6255,20/07/2020,27/07/2020,Premium
2178,28/11/2020,29/11/2020,Business
3617,15/07/2020,22/07/2020,Premium
9005,14/07/2020,17/07/2020,Business
8662,29/07/2020,05/08/2020,Standard
9601,13/02/2020,14/02/2020,Business
9378,14/04/2020,15/04/2020,Business
4393,23/07/2020,24/07/2020,Business
2194,16/07/2020,20/07/2020,Business
2903,10/07/2020,17/07/2020,Standard
8952,11/08/2020,18/08/2020,Premium
8998,13/08/2020,20/08/2020,Premium
1975,07/08/2020,14/08/2020,Senior
9309,09/07/2020,13/07/2020,Business
5107,09/07/2020,16/07/2020,Standard
1391,04/07/2020,11/07/2020,Premium
8908,10/07/2020,17/07/2020,Senior
4391,06/08/2020,13/08/2020,Senior
1142,14/08/2020,13/09/2020,Backpacker
4454,15/08/2020,22/08/2020,Standard
4705,04/08/2020,11/08/2020,Senior
9401,23/07/2020,30/07/2020,Standard
6975,05/08/2020,12/08/2020,Senior
8640,19/11/2020,23/11/2020,Business
6919,07/07/2020,14/07/2020,Senior
3805,14/07/2020,21/07/2020,Standard
4323,26/08/2020,25/09/2020,Backpacker
7078,06/08/2020,05/09/2020,Backpacker
1397,12/08/2020,11/09/2020,Backpacker
7545,23/07/2020,22/08/2020,Backpacker
7746,07/07/2020,14/07/2020,Premium
2477,28/10/2020,31/10/2020,Business
9871,17/07/2020,24/07/2020,Premium
1426,07/05/2020,12/05/2020,Business
3970,11/08/2020,10/09/2020,Backpacker
5809,06/07/2020,13/07/2020,Premium
5820,15/08/2020,22/08/2020,Standard
7013,23/09/2020,26/09/2020,Business
8744,01/08/2020,08/08/2020,Premium
9383,31/08/2020,07/09/2020,Premium
1292,27/08/2020,03/09/2020,Premium
1160,01/07/2020,08/07/2020,Premium
4820,28/07/2020,04/08/2020,Standard
6047,02/08/2020,09/08/2020,Standard
9344,10/08/2020,17/08/2020,Senior
5922,10/07/2020,17/07/2020,Premium
9032,05/08/2020,04/09/2020,Backpacker
9266,09/04/2020,14/04/2020,Business
2578,22/08/2020,29/08/2020,Standard
4110,09/05/2020,11/05/2020,Business
6333,16/09/2020,17/09/2020,Business
5154,30/05/2020,31/05/2020,Business
4334,20/07/2020,27/07/2020,Premium
4766,01/07/2020,08/07/2020,Standard
1492,13/06/2020,18/06/2020,Business
3583,12/08/2020,19/08/2020,Premium
5135,29/08/2020,30/08/2020,Business
9240,03/08/2020,02/09/2020,Backpacker
4109,01/08/2020,08/08/2020,Senior
4135,06/07/2020,13/07/2020,Standard
1908,14/08/2020,21/08/2020,Premium
1859,24/08/2020,23/09/2020,Backpacker
9944,03/08/2020,10/08/2020,Premium
6403,30/05/2020,03/06/2020,Business
6762,05/07/2020,04/08/2020,Backpacker
1150,29/04/2020,04/05/2020,Business
8687,29/07/2020,02/08/2020,Business
6288,13/07/2020,20/07/2020,Senior
2410,29/08/2020,05/09/2020,Senior
8102,18/04/2020,22/04/2020,Business
5985,14/07/2020,21/07/2020,Standard
3158,31/07/2020,07/08/2020,Premium
7987,22/07/2020,29/07/2020,Standard
1379,12/08/2020,19/08/2020,Standard
3880,23/07/2020,22/08/2020,Backpacker
3773,17/08/2020,24/08/2020,Premium
9097,01/07/2020,08/07/2020,Standard
4220,29/08/2020,05/09/2020,Premium
9429,18/08/2020,25/08/2020,Standard
1105,26/08/2020,02/09/2020,Premium
8242,11/10/2020,16/10/2020,Business
8149,10/08/2020,17/08/2020,Premium
7136,10/08/2020,17/08/2020,Standard
5925,06/07/2020,05/08/2020,Backpacker
8784,19/08/2020,26/08/2020,Premium
2580,15/03/2020,19/03/2020,Business
7869,01/08/2020,06/08/2020,Business
7018,01/10/2020,06/10/2020,Business
4938,29/07/2020,28/08/2020,Backpacker
3001,06/07/2020,13/07/2020,Standard
9474,11/08/2020,18/08/2020,Senior
6192,04/07/2020,03/08/2020,Backpacker
8729,06/12/2020,08/12/2020,Business
5483,17/04/2020,21/04/2020,Business
9699,17/08/2020,16/09/2020,Backpacker
5491,24/08/2020,23/09/2020,Backpacker
7935,21/12/2020,25/12/2020,Business
5246,17/07/2020,24/07/2020,Premium
2803,27/08/2020,03/09/2020,Premium
2724,18/08/2020,17/09/2020,Backpacker
7562,14/08/2020,13/09/2020,Backpacker
2994,18/07/2020,25/07/2020,Senior
5591,29/08/2020,05/09/2020,Senior
7961,12/07/2020,11/08/2020,Backpacker
3086,13/07/2020,20/07/2020,Standard
2997,06/08/2020,13/08/2020,Premium
9060,19/07/2020,26/07/2020,Standard
2365,01/08/2020,08/08/2020,Premium
5512,05/08/2020,04/09/2020,Backpacker
4519,21/07/2020,20/08/2020,Backpacker
9246,29/07/2020,31/07/2020,Business
5696,31/07/2020,07/08/2020,Standard
9431,17/05/2020,21/05/2020,Business
3094,13/08/2020,20/08/2020,Premium
8985,10/07/2020,17/07/2020,Senior
3905,24/07/2020,31/07/2020,Standard
7781,30/08/2020,29/09/2020,Backpacker
3523,03/08/2020,02/09/2020,Backpacker
1462,18/03/2020,22/03/2020,Business
6827,08/08/2020,07/09/2020,Backpacker
4458,20/04/2020,25/04/2020,Business
6476,22/06/2020,26/06/2020,Business
4229,24/08/2020,31/08/2020,Premium
4685,22/07/2020,29/07/2020,Standard
6078,16/08/2020,23/08/2020,Senior
3636,18/08/2020,25/08/2020,Senior
3810,22/08/2020,29/08/2020,Standard
1739,13/08/2020,16/08/2020,Business
4591,07/08/2020,14/08/2020,Premium
9348,20/08/2020,27/08/2020,Premium
9354,02/05/2020,06/05/2020,Business
8249,27/08/2020,03/09/2020,Standard
9262,09/02/2020,12/02/2020,Business
2257,20/12/2020,21/12/2020,Business
5269,25/07/2020,01/08/2020,Senior
9142,09/07/2020,16/07/2020,Senior
8543,09/04/2020,14/04/2020,Business
8036,07/08/2020,14/08/2020,Standard
7193,24/07/2020,31/07/2020,Standard
4405,19/08/2020,26/08/2020,Premium
2092,29/04/2020,04/05/2020,Business
1353,23/08/2020,30/08/2020,Senior
6700,31/07/2020,30/08/2020,Backpacker
7039,28/07/2020,27/08/2020,Backpacker
6161,19/02/2020,24/02/2020,Business
4442,26/07/2020,02/08/2020,Standard
2005,24/08/2020,31/08/2020,Standard
9167,23/10/2020,26/10/2020,Business
5592,16/07/2020,23/07/2020,Standard
8547,20/08/2020,27/08/2020,Standard
7712,29/05/2020,03/06/2020,Business
8774,03/01/2020,07/01/2020,Business
2158,27/02/2020,04/03/2020,Business
6688,10/05/2020,12/05/2020,Business
1449,13/07/2020,20/07/2020,Premium
9515,23/04/2020,25/04/2020,Business
3864,04/06/2020,07/06/2020,Business
9733,29/08/2020,05/09/2020,Premium
8363,08/07/2020,13/07/2020,Business
1926,19/07/2020,26/07/2020,Senior
3898,10/08/2020,11/08/2020,Business
7014,03/12/2020,04/12/2020,Business
2062,27/03/2020,30/03/2020,Business
5863,23/08/2020,30/08/2020,Standard
7830,10/11/2020,12/11/2020,Business
9171,07/08/2020,14/08/2020,Premium
6097,20/06/2020,21/06/2020,Business
9016,28/07/2020,04/08/2020,Senior
2558,20/07/2020,19/08/2020,Backpacker
1997,13/03/2020,17/03/2020,Business
9495,03/04/2020,06/04/2020,Business
8351,11/07/2020,18/07/2020,Senior
5336,29/07/2020,28/08/2020,Backpacker
5367,18/07/2020,25/07/2020,Senior
3346,16/07/2020,15/08/2020,Backpacker
6691,26/07/2020,02/08/2020,Premium
5230,28/04/2020,01/05/2020,Business
3991,04/08/2020,03/09/2020,Backpacker
9290,01/08/2020,08/08/2020,Standard
1611,04/07/2020,03/08/2020,Backpacker
2975,10/08/2020,17/08/2020,Premium
4761,29/08/2020,28/09/2020,Backpacker
6554,13/08/2020,12/09/2020,Backpacker
4235,11/07/2020,18/07/2020,Standard
2070,06/07/2020,13/07/2020,Standard
4966,05/10/2020,07/10/2020,Business
3736,19/09/2020,23/09/2020,Business
1707,05/03/2020,10/03/2020,Business
9676,06/07/2020,13/07/2020,Premium
4240,04/07/2020,11/07/2020,Senior
6766,23/07/2020,30/07/2020,Standard
5978,02/07/2020,09/07/2020,Premium
5732,30/01/2020,02/02/2020,Business
8318,18/05/2020,19/05/2020,Business
5623,04/05/2020,05/05/2020,Business
7377,16/08/2020,15/09/2020,Backpacker
5938,19/07/2020,26/07/2020,Standard
4834,07/01/2020,12/01/2020,Business
1189,29/08/2020,28/09/2020,Backpacker
6684,16/08/2020,19/08/2020,Business
8171,23/08/2020,30/08/2020,Standard
5669,24/07/2020,31/07/2020,Standard
5190,01/07/2020,08/07/2020,Standard
6181,05/08/2020,12/08/2020,Premium
7391,06/07/2020,05/08/2020,Backpacker
4190,31/08/2020,07/09/2020,Standard
4402,06/04/2020,09/04/2020,Business
7974,25/07/2020,01/08/2020,Standard
9180,22/07/2020,29/07/2020,Standard
5366,23/07/2020,22/08/2020,Backpacker
2525,24/07/2020,31/07/2020,Senior
8778,20/02/2020,22/02/2020,Business
2996,31/08/2020,07/09/2020,Premium
9739,01/07/2020,08/07/2020,Senior
7490,11/08/2020,18/08/2020,Senior
5770,25/07/2020,01/08/2020,Premium
4630,03/07/2020,10/07/2020,Standard
9313,25/04/2020,28/04/2020,Business
7063,27/07/2020,03/08/2020,Standard
6216,04/08/2020,11/08/2020,Senior
9019,14/07/2020,19/07/2020,Business
1038,14/07/2020,21/07/2020,Standard
4926,29/08/2020,28/09/2020,Backpacker
7902,03/08/2020,10/08/2020,Premium
8113,02/08/2020,09/08/2020,Standard
1051,16/08/2020,23/08/2020,Premium
8043,03/07/2020,10/07/2020,Premium
6548,07/08/2020,14/08/2020,Standard
8170,29/07/2020,05/08/2020,Premium
3876,03/01/2020,06/01/2020,Business
4715,05/07/2020,12/07/2020,Standard
8001,10/07/2020,17/07/2020,Standard
6582,24/08/2020,31/08/2020,Standard
4738,02/07/2020,09/07/2020,Standard
8927,13/06/2020,17/06/2020,Business
7002,15/02/2020,20/02/2020,Business
3793,18/09/2020,23/09/2020,Business
3984,26/07/2020,02/08/2020,Senior
8407,09/07/2020,16/07/2020,Senior
8623,29/07/2020,05/08/2020,Senior
9110,15/07/2020,14/08/2020,Backpacker
2176,18/06/2020,22/06/2020,Business
8344,29/05/2020,02/06/2020,Business
7890,08/07/2020,09/07/2020,Business
8323,21/07/2020,28/07/2020,Senior
8939,03/07/2020,10/07/2020,Premium
8734,18/07/2020,17/08/2020,Backpacker
8427,07/07/2020,14/07/2020,Premium
9494,27/08/2020,03/09/2020,Senior
8596,21/08/2020,28/08/2020,Standard
8169,13/08/2020,20/08/2020,Senior
2649,31/07/2020,30/08/2020,Backpacker
9081,13/08/2020,20/08/2020,Premium
5449,12/08/2020,19/08/2020,Premium
7225,10/08/2020,17/08/2020,Premium
3893,28/08/2020,27/09/2020,Backpacker
9576,08/11/2020,09/11/2020,Business
5210,20/07/2020,19/08/2020,Backpacker
8163,24/08/2020,31/08/2020,Standard
9422,30/06/2020,04/07/2020,Business
3644,08/08/2020,15/08/2020,Premium
3543,11/08/2020,18/08/2020,Senior
7438,16/08/2020,23/08/2020,Premium
5664,17/08/2020,16/09/2020,Backpacker
3919,22/07/2020,29/07/2020,Premium
1024,19/08/2020,26/08/2020,Premium
3800,16/07/2020,17/07/2020,Business
8644,19/07/2020,24/07/2020,Business
2569,31/08/2020,30/09/2020,Backpacker
4356,14/11/2020,16/11/2020,Business
8899,15/08/2020,22/08/2020,Premium
7624,23/08/2020,30/08/2020,Premium
3672,02/09/2020,04/09/2020,Business
4138,19/07/2020,26/07/2020,Standard
3134,01/08/2020,08/08/2020,Standard
4379,18/08/2020,25/08/2020,Premium
5414,24/04/2020,29/04/2020,Business
7975,07/07/2020,14/07/2020,Premium
3470,26/05/2020,27/05/2020,Business
5141,09/07/2020,16/07/2020,Standard
7151,25/08/2020,01/09/2020,Premium
8716,27/08/2020,03/09/2020,Standard
9522,24/07/2020,28/07/2020,Business
2010,28/07/2020,27/08/2020,Backpacker
7594,04/07/2020,11/07/2020,Standard
5876,06/08/2020,13/08/2020,Standard
2968,16/05/2020,17/05/2020,Business
3958,30/12/2020,03/01/2021,Business
5221,01/07/2020,08/07/2020,Senior
9038,08/06/2020,10/06/2020,Business
5707,18/08/2020,25/08/2020,Standard
6438,01/05/2020,04/05/2020,Business
1179,22/07/2020,29/07/2020,Standard
1423,23/07/2020,22/08/2020,Backpacker
3553,09/07/2020,16/07/2020,Standard
2773,20/08/2020,27/08/2020,Premium
8561,02/05/2020,05/05/2020,Business
7107,14/07/2020,21/07/2020,Standard
2151,08/12/2020,12/12/2020,Business
9523,15/08/2020,14/09/2020,Backpacker
6368,29/08/2020,05/09/2020,Premium
2019,06/07/2020,13/07/2020,Premium
7090,23/08/2020,30/08/2020,Premium
2509,22/07/2020,27/07/2020,Business
6633,15/02/2020,18/02/2020,Business
8890,21/07/2020,25/07/2020,Business
5185,25/08/2020,01/09/2020,Standard
4170,07/08/2020,14/08/2020,Standard
4616,07/01/2020,09/01/2020,Business
4365,08/08/2020,07/09/2020,Backpacker
5712,08/07/2020,15/07/2020,Standard
4849,09/07/2020,16/07/2020,Premium
4408,05/08/2020,04/09/2020,Backpacker
6051,05/08/2020,04/09/2020,Backpacker
8882,16/10/2020,18/10/2020,Business
3892,23/07/2020,22/08/2020,Backpacker
7645,07/08/2020,06/09/2020,Backpacker
8811,06/07/2020,13/07/2020,Premium
4531,25/07/2020,01/08/2020,Standard
8652,15/08/2020,14/09/2020,Backpacker
6484,06/07/2020,13/07/2020,Premium
2630,07/08/2020,14/08/2020,Premium
6145,05/07/2020,12/07/2020,Senior
9857,09/08/2020,16/08/2020,Senior
8241,11/10/2020,13/10/2020,Business
2275,01/07/2020,08/07/2020,Standard
4472,10/07/2020,17/07/2020,Senior
1528,29/07/2020,05/08/2020,Standard
3836,12/08/2020,11/09/2020,Backpacker
7050,25/03/2020,27/03/2020,Business
3265,11/08/2020,18/08/2020,Premium
4657,26/07/2020,02/08/2020,Premium
7101,26/08/2020,02/09/2020,Senior
9996,23/07/2020,30/07/2020,Standard
3807,02/08/2020,09/08/2020,Premium
4530,23/08/2020,30/08/2020,Standard
9861,25/02/2020,26/02/2020,Business
2772,06/07/2020,09/07/2020,Business
3929,26/08/2020,25/09/2020,Backpacker
1695,25/01/2020,29/01/2020,Business
6407,19/08/2020,18/09/2020,Backpacker
8250,08/07/2020,15/07/2020,Premium
5503,09/09/2020,12/09/2020,Business
5129,19/02/2020,22/02/2020,Business
7586,26/07/2020,25/08/2020,Backpacker
3466,27/07/2020,03/08/2020,Standard
3788,24/04/2020,27/04/2020,Business
5519,29/07/2020,05/08/2020,Standard
1618,04/07/2020,03/08/2020,Backpacker
2663,09/08/2020,16/08/2020,Standard
9526,16/07/2020,23/07/2020,Standard
1041,19/07/2020,26/07/2020,Premium
9505,09/07/2020,16/07/2020,Premium
2837,03/08/2020,10/08/2020,Premium
4352,14/05/2020,15/05/2020,Business
9122,12/04/2020,14/04/2020,Business
6974,16/01/2020,21/01/2020,Business
5716,03/08/2020,02/09/2020,Backpacker
9469,06/08/2020,05/09/2020,Backpacker
3422,14/08/2020,13/09/2020,Backpacker
6789,02/08/2020,09/08/2020,Standard
8866,15/09/2020,20/09/2020,Business
3442,15/05/2020,20/05/2020,Business
4590,11/08/2020,18/08/2020,Premium
2353,21/08/2020,28/08/2020,Premium
6744,02/05/2020,06/05/2020,Business
7566,29/07/2020,05/08/2020,Senior
1098,25/07/2020,01/08/2020,Senior
3054,09/07/2020,08/08/2020,Backpacker
6165,31/07/2020,30/08/2020,Backpacker
2033,17/07/2020,24/07/2020,Premium
2303,20/08/2020,27/08/2020,Standard
7944,06/07/2020,13/07/2020,Premium
3127,28/08/2020,27/09/2020,Backpacker
4645,20/08/2020,27/08/2020,Standard
5199,14/07/2020,21/07/2020,Standard
7186,17/08/2020,24/08/2020,Standard
3295,12/08/2020,19/08/2020,Premium
9634,12/07/2020,19/07/2020,Premium
7639,05/10/2020,08/10/2020,Business
8785,21/08/2020,28/08/2020,Standard
7755,10/05/2020,11/05/2020,Business
4501,21/08/2020,20/09/2020,Backpacker
1208,24/01/2020,27/01/2020,Business
2156,27/07/2020,03/08/2020,Standard
6307,19/08/2020,26/08/2020,Premium
1389,20/07/2020,19/08/2020,Backpacker
4932,19/07/2020,21/07/2020,Business
2932,19/08/2020,26/08/2020,Standard
7292,27/08/2020,03/09/2020,Standard
9579,16/07/2020,23/07/2020,Standard
8515,06/11/2020,09/11/2020,Business
8485,14/08/2020,21/08/2020,Premium
3458,12/12/2020,14/12/2020,Business
2096,17/07/2020,21/07/2020,Business
5830,23/02/2020,25/02/2020,Business
7689,07/05/2020,11/05/2020,Business
1439,24/07/2020,23/08/2020,Backpacker
1184,27/09/2020,01/10/2020,Business
3092,17/07/2020,24/07/2020,Standard
8057,20/07/2020,27/07/2020,Senior
7162,19/07/2020,26/07/2020,Premium
6508,15/08/2020,17/08/2020,Business
9932,29/08/2020,05/09/2020,Standard
1357,08/08/2020,15/08/2020,Premium
2650,24/07/2020,23/08/2020,Backpacker
4148,30/06/2020,04/07/2020,Business
5148,28/10/2020,29/10/2020,Business
6350,27/06/2020,28/06/2020,Business
7075,29/09/2020,02/10/2020,Business
1899,01/07/2020,31/07/2020,Backpacker
6376,15/07/2020,22/07/2020,Senior
2843,25/07/2020,01/08/2020,Standard
1602,09/07/2020,08/08/2020,Backpacker
7652,11/07/2020,18/07/2020,Premium
8731,06/07/2020,13/07/2020,Standard
3557,27/07/2020,03/08/2020,Premium
7211,10/08/2020,17/08/2020,Premium
9191,11/08/2020,18/08/2020,Standard
6032,30/06/2020,05/07/2020,Business
5893,14/08/2020,21/08/2020,Senior
1197,10/07/2020,09/08/2020,Backpacker
7255,13/10/2020,18/10/2020,Business
3779,04/08/2020,03/09/2020,Backpacker
7568,13/07/2020,20/07/2020,Standard
6536,20/08/2020,27/08/2020,Premium
6090,26/08/2020,02/09/2020,Premium
2476,28/07/2020,04/08/2020,Premium
9538,27/08/2020,26/09/2020,Backpacker
8220,11/09/2020,16/09/2020,Business
8070,07/07/2020,14/07/2020,Standard
1853,27/01/2020,29/01/2020,Business
8856,21/01/2020,24/01/2020,Business
7499,21/07/2020,20/08/2020,Backpacker
8604,08/01/2020,11/01/2020,Business
9894,12/07/2020,11/08/2020,Backpacker
4191,02/07/2020,06/07/2020,Business
8943,26/12/2020,28/12/2020,Business
7631,17/08/2020,16/09/2020,Backpacker
8055,04/01/2020,06/01/2020,Business
5316,27/08/2020,26/09/2020,Backpacker
9956,07/08/2020,06/09/2020,Backpacker
2235,14/07/2020,21/07/2020,Senior
4814,07/10/2020,09/10/2020,Business
1095,08/12/2020,10/12/2020,Business
6260,08/08/2020,15/08/2020,Standard
2692,29/08/2020,05/09/2020,Standard
9190,27/07/2020,26/08/2020,Backpacker
7780,09/08/2020,16/08/2020,Premium
3973,13/10/2020,18/10/2020,Business
8214,07/01/2020,10/01/2020,Business
4345,27/02/2020,01/03/2020,Business
4964,05/08/2020,12/08/2020,Premium
7798,05/09/2020,08/09/2020,Business
4890,29/08/2020,05/09/2020,Premium
7047,01/02/2020,02/02/2020,Business
1326,15/07/2020,16/07/2020,Business
5103,22/06/2020,26/06/2020,Business
5040,19/08/2020,26/08/2020,Senior
1504,11/08/2020,10/09/2020,Backpacker
9135,29/07/2020,05/08/2020,Premium
6338,18/07/2020,17/08/2020,Backpacker
3844,19/04/2020,24/04/2020,Business
4121,28/07/2020,27/08/2020,Backpacker
9267,02/08/2020,01/09/2020,Backpacker
7821,17/07/2020,24/07/2020,Senior
4812,09/01/2020,12/01/2020,Business
6201,20/10/2020,22/10/2020,Business
2094,22/07/2020,29/07/2020,Standard
9063,22/07/2020,29/07/2020,Standard
5080,20/07/2020,27/07/2020,Premium
5155,30/07/2020,06/08/2020,Premium
6046,09/08/2020,08/09/2020,Backpacker
7316,24/07/2020,31/07/2020,Senior
1791,19/08/2020,23/08/2020,Business
8868,31/08/2020,30/09/2020,Backpacker
1979,01/07/2020,08/07/2020,Standard
3951,25/11/2020,27/11/2020,Business
7067,20/07/2020,27/07/2020,Senior
8663,12/05/2020,17/05/2020,Business
1665,20/07/2020,27/07/2020,Standard
1344,28/10/2020,02/11/2020,Business
3551,03/08/2020,10/08/2020,Senior
7357,26/07/2020,02/08/2020,Premium
6758,07/08/2020,14/08/2020,Senior
7815,05/08/2020,12/08/2020,Standard
8568,27/08/2020,03/09/2020,Premium
7970,13/07/2020,20/07/2020,Standard
8821,18/01/2020,22/01/2020,Business
5206,18/07/2020,17/08/2020,Backpacker
7985,24/08/2020,31/08/2020,Standard
3078,18/07/2020,20/07/2020,Business
4203,22/06/2020,24/06/2020,Business
4032,09/08/2020,16/08/2020,Premium
7257,19/06/2020,24/06/2020,Business
1771,01/12/2020,03/12/2020,Business
2423,21/08/2020,20/09/2020,Backpacker
1520,26/08/2020,25/09/2020,Backpacker
6080,29/07/2020,28/08/2020,Backpacker
9670,30/09/2020,01/10/2020,Business
5706,15/08/2020,14/09/2020,Backpacker
3510,25/05/2020,29/05/2020,Business
6534,22/07/2020,29/07/2020,Premium
4004,31/12/2020,03/01/2021,Business
1032,20/08/2020,27/08/2020,Premium
1131,03/11/2020,07/11/2020,Business
6608,04/07/2020,11/07/2020,Standard
1683,19/07/2020,26/07/2020,Premium
8746,26/07/2020,25/08/2020,Backpacker
7793,25/08/2020,01/09/2020,Senior
9390,15/08/2020,22/08/2020,Premium
1016,31/07/2020,30/08/2020,Backpacker
3824,25/08/2020,01/09/2020,Premium
8974,31/07/2020,07/08/2020,Senior
6672,24/08/2020,31/08/2020,Standard
7481,18/07/2020,17/08/2020,Backpacker
9041,15/11/2020,20/11/2020,Business
4960,27/07/2020,28/07/2020,Business
1766,16/08/2020,15/09/2020,Backpacker
2022,01/07/2020,31/07/2020,Backpacker
1582,29/01/2020,30/01/2020,Business
8476,17/08/2020,24/08/2020,Standard
5991,08/08/2020,15/08/2020,Standard
2604,28/07/2020,27/08/2020,Backpacker
4487,01/08/2020,08/08/2020,Standard
9603,03/07/2020,10/07/2020,Standard
5885,14/08/2020,13/09/2020,Backpacker
4062,15/07/2020,22/07/2020,Standard
3123,25/02/2020,02/03/2020,Business
9154,04/07/2020,03/08/2020,Backpacker
1324,10/08/2020,17/08/2020,Premium
3874,19/08/2020,26/08/2020,Premium
2282,20/10/2020,23/10/2020,Business
2788,05/07/2020,12/07/2020,Standard
8139,11/07/2020,18/07/2020,Premium
9407,02/08/2020,09/08/2020,Senior
8128,03/01/2020,07/01/2020,Business
3705,29/08/2020,05/09/2020,Premium
1340,31/07/2020,30/08/2020,Backpacker
5930,09/05/2020,11/05/2020,Business
3711,04/03/2020,09/03/2020,Business
3709,10/08/2020,09/09/2020,Backpacker
6564,03/08/2020,10/08/2020,Premium
7627,09/08/2020,16/08/2020,Senior
7003,20/08/2020,27/08/2020,Standard
8698,30/08/2020,06/09/2020,Standard
2601,24/08/2020,31/08/2020,Standard
9446,01/07/2020,08/07/2020,Premium
4905,18/07/2020,25/07/2020,Standard
2478,28/07/2020,04/08/2020,Premium
3324,24/08/2020,31/08/2020,Standard
6233,10/04/2020,12/04/2020,Business
7616,17/07/2020,19/07/2020,Business
6208,06/04/2020,10/04/2020,Business
4249,07/08/2020,14/08/2020,Premium
2362,26/10/2020,27/10/2020,Business
6486,19/10/2020,24/10/2020,Business
3859,15/08/2020,22/08/2020,Premium
7284,24/01/2020,25/01/2020,Business
7036,01/06/2020,05/06/2020,Business
8904,17/08/2020,24/08/2020,Premium
6317,27/07/2020,03/08/2020,Premium
9810,29/07/2020,28/08/2020,Backpacker
1980,05/04/2020,09/04/2020,Business
6321,18/08/2020,17/09/2020,Backpacker
1715,25/07/2020,01/08/2020,Premium
4165,20/08/2020,19/09/2020,Backpacker
7533,24/07/2020,31/07/2020,Senior
8567,11/08/2020,18/08/2020,Standard
8209,09/08/2020,08/09/2020,Backpacker
8782,21/09/2020,25/09/2020,Business
2905,06/07/2020,13/07/2020,Premium
3399,28/08/2020,27/09/2020,Backpacker
2752,22/07/2020,29/07/2020,Premium
7408,09/07/2020,08/08/2020,Backpacker
6371,26/07/2020,02/08/2020,Standard
3280,14/08/2020,21/08/2020,Senior
9756,17/07/2020,24/07/2020,Premium
9416,12/07/2020,19/07/2020,Premium
4541,19/07/2020,26/07/2020,Premium
9698,30/06/2020,05/07/2020,Business
3008,31/07/2020,07/08/2020,Standard
6829,27/06/2020,02/07/2020,Business
8361,20/08/2020,27/08/2020,Premium
3576,18/07/2020,25/07/2020,Premium
1945,31/07/2020,30/08/2020,Backpacker
5564,29/08/2020,28/09/2020,Backpacker
7077,01/03/2020,05/03/2020,Business
4628,24/08/2020,31/08/2020,Standard
3995,30/07/2020,06/08/2020,Standard
8405,09/08/2020,08/09/2020,Backpacker
3560,08/10/2020,12/10/2020,Business
8438,29/07/2020,05/08/2020,Premium
7728,23/02/2020,27/02/2020,Business
8143,17/11/2020,19/11/2020,Business
1961,30/07/2020,03/08/2020,Business
1699,02/07/2020,09/07/2020,Standard
8105,11/08/2020,18/08/2020,Premium
1044,03/07/2020,07/07/2020,Business
3366,06/07/2020,05/08/2020,Backpacker
4426,23/07/2020,25/07/2020,Business
3384,09/08/2020,16/08/2020,Premium
8172,01/08/2020,31/08/2020,Backpacker
7423,29/07/2020,05/08/2020,Premium
7157,17/08/2020,20/08/2020,Business
7449,03/08/2020,10/08/2020,Standard
7138,21/08/2020,28/08/2020,Premium
2471,16/10/2020,19/10/2020,Business
1481,14/08/2020,21/08/2020,Standard
9790,07/08/2020,14/08/2020,Premium
5331,08/08/2020,15/08/2020,Premium
5753,23/08/2020,30/08/2020,Premium
1512,23/11/2020,28/11/2020,Business
4773,19/07/2020,26/07/2020,Premium
3488,01/03/2020,06/03/2020,Business
8187,13/07/2020,20/07/2020,Premium
6224,28/07/2020,04/08/2020,Standard
6921,21/08/2020,28/08/2020,Premium
2089,21/07/2020,28/07/2020,Standard
5422,19/08/2020,26/08/2020,Premium
6807,22/08/2020,25/08/2020,Business
8378,03/07/2020,10/07/2020,Senior
7027,28/07/2020,04/08/2020,Premium
3989,24/07/2020,31/07/2020,Senior
9897,21/07/2020,28/07/2020,Senior
5314,17/04/2020,20/04/2020,Business
9209,29/10/2020,31/10/2020,Business
8736,28/07/2020,04/08/2020,Standard
9896,22/11/2020,26/11/2020,Business
4370,05/07/2020,12/07/2020,Premium
5053,26/08/2020,02/09/2020,Standard
1754,28/08/2020,04/09/2020,Senior
7492,28/07/2020,04/08/2020,Standard
2494,21/02/2020,23/02/2020,Business
7808,30/08/2020,06/09/2020,Standard
6432,03/11/2020,04/11/2020,Business
9377,20/07/2020,27/07/2020,Premium
4534,19/06/2020,20/06/2020,Business
9338,08/07/2020,15/07/2020,Premium
9036,02/07/2020,09/07/2020,Standard
3025,06/08/2020,13/08/2020,Premium
9759,19/07/2020,26/07/2020,Premium
5323,19/08/2020,18/09/2020,Backpacker
3077,15/08/2020,16/08/2020,Business
1719,18/08/2020,25/08/2020,Senior
7598,05/08/2020,12/08/2020,Premium
1251,14/11/2020,16/11/2020,Business
4130,11/04/2020,12/04/2020,Business
5877,24/07/2020,31/07/2020,Premium
7425,12/08/2020,11/09/2020,Backpacker
4688,29/08/2020,05/09/2020,Standard
1288,10/08/2020,17/08/2020,Premium
3881,09/07/2020,16/07/2020,Premium
7633,08/02/2020,12/02/2020,Business
6359,26/08/2020,28/08/2020,Business
1146,25/04/2020,29/04/2020,Business
9981,10/08/2020,17/08/2020,Standard
9441,29/07/2020,05/08/2020,Senior
8514,06/07/2020,13/07/2020,Premium
5146,29/07/2020,05/08/2020,Premium
8164,20/08/2020,19/09/2020,Backpacker
3365,23/08/2020,30/08/2020,Standard
4503,07/08/2020,08/08/2020,Business
8743,20/08/2020,27/08/2020,Senior
2233,28/12/2020,01/01/2021,Business
7248,07/07/2020,14/07/2020,Standard
8664,18/06/2020,19/06/2020,Business
7217,12/07/2020,19/07/2020,Standard
2518,11/07/2020,10/08/2020,Backpacker
1702,02/09/2020,03/09/2020,Business
1836,30/08/2020,06/09/2020,Standard
1798,05/07/2020,04/08/2020,Backpacker
9075,09/10/2020,11/10/2020,Business
4896,25/07/2020,01/08/2020,Standard
5944,22/07/2020,29/07/2020,Standard
3549,30/08/2020,06/09/2020,Senior
8297,09/07/2020,13/07/2020,Business
4525,30/08/2020,06/09/2020,Standard
1960,19/09/2020,24/09/2020,Business
4208,10/07/2020,15/07/2020,Business
2849,29/06/2020,01/07/2020,Business
2122,09/07/2020,16/07/2020,Standard
1186,09/07/2020,08/08/2020,Backpacker
5301,28/12/2020,02/01/2021,Business
7670,17/07/2020,24/07/2020,Standard
7653,13/08/2020,20/08/2020,Premium
7195,30/07/2020,06/08/2020,Senior
6140,15/04/2020,16/04/2020,Business
1332,13/07/2020,14/07/2020,Business
7767,14/08/2020,16/08/2020,Business
4566,24/08/2020,31/08/2020,Premium
6479,04/08/2020,11/08/2020,Senior
6626,11/02/2020,15/02/2020,Business
8508,08/08/2020,15/08/2020,Premium
6699,06/08/2020,05/09/2020,Backpacker
3903,05/05/2020,06/05/2020,Business
2393,27/08/2020,03/09/2020,Standard
1895,21/08/2020,28/08/2020,Standard
4888,14/07/2020,21/07/2020,Standard
2455,09/08/2020,16/08/2020,Standard
4145,01/09/2020,03/09/2020,Business
3451,16/07/2020,23/07/2020,Standard
3241,14/07/2020,21/07/2020,Standard
2670,25/07/2020,01/08/2020,Senior
1937,09/08/2020,16/08/2020,Standard
8742,11/04/2020,16/04/2020,Business
2511,16/08/2020,15/09/2020,Backpacker
1883,19/08/2020,26/08/2020,Standard
3338,04/09/2020,07/09/2020,Business
8753,19/07/2020,26/07/2020,Premium
3104,16/07/2020,23/07/2020,Premium
6346,29/07/2020,05/08/2020,Senior
8585,17/07/2020,24/07/2020,Senior
5796,01/07/2020,03/07/2020,Business
5236,10/07/2020,17/07/2020,Premium
6468,08/07/2020,15/07/2020,Premium
4826,29/08/2020,05/09/2020,Premium
2024,11/08/2020,18/08/2020,Standard
9363,21/07/2020,28/07/2020,Standard
6869,16/08/2020,23/08/2020,Premium
4508,20/07/2020,27/07/2020,Standard
4924,14/08/2020,13/09/2020,Backpacker
6175,08/04/2020,11/04/2020,Business
6037,01/08/2020,08/08/2020,Premium
8337,17/08/2020,24/08/2020,Premium
8040,04/01/2020,09/01/2020,Business
2517,13/07/2020,20/07/2020,Premium
3531,25/04/2020,27/04/2020,Business
5511,22/07/2020,29/07/2020,Senior
4652,04/07/2020,11/07/2020,Premium
7612,04/10/2020,07/10/2020,Business
1854,23/07/2020,30/07/2020,Premium
3762,18/07/2020,25/07/2020,Standard
9197,14/08/2020,21/08/2020,Premium
3151,03/08/2020,10/08/2020,Standard
9782,20/07/2020,27/07/2020,Premium
4829,18/07/2020,25/07/2020,Standard
7164,16/01/2020,20/01/2020,Business
7426,30/04/2020,02/05/2020,Business
2701,17/08/2020,16/09/2020,Backpacker
9281,22/12/2020,23/12/2020,Business
5273,15/08/2020,22/08/2020,Standard
4699,26/04/2020,30/04/2020,Business
8112,30/08/2020,06/09/2020,Premium
2708,12/07/2020,19/07/2020,Premium
2504,29/07/2020,05/08/2020,Senior
2345,10/09/2020,15/09/2020,Business
7019,22/11/2020,25/11/2020,Business
6680,26/08/2020,02/09/2020,Senior
7893,12/08/2020,19/08/2020,Standard
4518,31/07/2020,07/08/2020,Standard
7173,15/08/2020,20/08/2020,Business
7734,31/08/2020,07/09/2020,Premium
9330,18/07/2020,25/07/2020,Standard
6267,17/02/2020,18/02/2020,Business
5772,04/07/2020,03/08/2020,Backpacker
7884,28/02/2020,03/03/2020,Business
8556,28/06/2020,01/07/2020,Business
9773,04/10/2020,06/10/2020,Business
7862,26/04/2020,27/04/2020,Business
8107,21/08/2020,28/08/2020,Premium
1825,28/07/2020,04/08/2020,Standard
7220,09/08/2020,16/08/2020,Standard
6146,06/03/2020,08/03/2020,Business
3274,30/07/2020,06/08/2020,Premium
8381,10/08/2020,17/08/2020,Premium
4602,09/06/2020,10/06/2020,Business
9706,07/08/2020,14/08/2020,Premium
9992,09/07/2020,16/07/2020,Premium
9371,27/05/2020,31/05/2020,Business
3660,11/07/2020,18/07/2020,Senior
5413,03/07/2020,06/07/2020,Business
8718,06/08/2020,13/08/2020,Standard
4751,30/07/2020,06/08/2020,Standard
9805,11/07/2020,18/07/2020,Senior
7802,28/07/2020,04/08/2020,Standard
7327,27/08/2020,03/09/2020,Standard
3955,21/02/2020,22/02/2020,Business
5212,06/07/2020,13/07/2020,Standard
6795,07/08/2020,06/09/2020,Backpacker
5514,05/07/2020,04/08/2020,Backpacker
4864,05/08/2020,12/08/2020,Standard
6389,12/08/2020,19/08/2020,Standard
5167,29/07/2020,05/08/2020,Premium
7321,05/02/2020,06/02/2020,Business
7483,30/07/2020,29/08/2020,Backpacker
6189,25/09/2020,26/09/2020,Business
6026,16/12/2020,21/12/2020,Business
8973,22/07/2020,29/07/2020,Premium
4970,05/03/2020,10/03/2020,Business
5538,16/08/2020,23/08/2020,Standard
4667,27/08/2020,28/08/2020,Business
2220,29/08/2020,05/09/2020,Standard
1759,30/07/2020,06/08/2020,Standard
3554,30/08/2020,02/09/2020,Business
1001,05/08/2020,12/08/2020,Senior
5368,08/07/2020,07/08/2020,Backpacker
1482,24/08/2020,23/09/2020,Backpacker
4965,30/07/2020,29/08/2020,Backpacker
8136,02/07/2020,01/08/2020,Backpacker
8710,16/08/2020,23/08/2020,Premium
6404,14/12/2020,15/12/2020,Business
4874,19/08/2020,26/08/2020,Premium
5984,19/09/2020,22/09/2020,Business
5330,05/12/2020,07/12/2020,Business
2450,19/08/2020,26/08/2020,Standard
5798,05/08/2020,12/08/2020,Standard
9127,08/07/2020,07/08/2020,Backpacker
7557,28/08/2020,04/09/2020,Senior
9550,10/07/2020,13/07/2020,Business
4407,28/07/2020,04/08/2020,Premium
9592,13/08/2020,20/08/2020,Senior
3143,29/12/2020,02/01/2021,Business
1355,30/08/2020,06/09/2020,Standard
2526,07/12/2020,12/12/2020,Business
8191,18/07/2020,25/07/2020,Premium
9694,03/08/2020,02/09/2020,Backpacker
1370,24/07/2020,31/07/2020,Senior
2519,19/04/2020,20/04/2020,Business
7430,18/05/2020,23/05/2020,Business
7776,04/08/2020,03/09/2020,Backpacker
9250,20/07/2020,19/08/2020,Backpacker
8254,19/08/2020,26/08/2020,Premium
3753,25/09/2020,30/09/2020,Business
1888,23/07/2020,30/07/2020,Standard
1667,03/03/2020,06/03/2020,Business
5344,02/08/2020,01/09/2020,Backpacker
5746,16/07/2020,15/08/2020,Backpacker
6596,15/08/2020,22/08/2020,Premium
8458,05/02/2020,07/02/2020,Business
4710,29/08/2020,05/09/2020,Senior
7699,25/12/2020,28/12/2020,Business
2034,16/02/2020,21/02/2020,Business
6726,20/07/2020,27/07/2020,Senior
2712,05/12/2020,10/12/2020,Business
4865,05/02/2020,10/02/2020,Business
5793,16/08/2020,23/08/2020,Standard
3588,26/08/2020,02/09/2020,Standard
3967,18/08/2020,25/08/2020,Premium
2721,30/07/2020,06/08/2020,Premium
3998,16/08/2020,23/08/2020,Senior
6178,04/03/2020,07/03/2020,Business
4310,16/12/2020,21/12/2020,Business
4086,18/08/2020,25/08/2020,Standard
6473,17/12/2020,22/12/2020,Business
3663,18/03/2020,22/03/2020,Business
2067,23/07/2020,30/07/2020,Standard
9316,21/08/2020,20/09/2020,Backpacker
6392,13/07/2020,15/07/2020,Business
1273,26/07/2020,02/08/2020,Standard
5142,04/08/2020,11/08/2020,Senior
1283,09/11/2020,10/11/2020,Business
8122,07/08/2020,14/08/2020,Premium
7349,14/07/2020,13/08/2020,Backpacker
3138,23/08/2020,30/08/2020,Standard
1322,22/08/2020,29/08/2020,Premium
7433,07/02/2020,12/02/2020,Business
8053,04/08/2020,11/08/2020,Senior
5094,16/08/2020,17/08/2020,Business
5837,19/07/2020,26/07/2020,Premium
4900,12/12/2020,15/12/2020,Business
7236,20/07/2020,19/08/2020,Backpacker
2210,14/03/2020,17/03/2020,Business
1321,19/08/2020,26/08/2020,Standard
2900,20/07/2020,27/07/2020,Premium
8232,19/07/2020,26/07/2020,Standard
3507,01/07/2020,08/07/2020,Premium
9656,08/08/2020,15/08/2020,Premium
6308,13/07/2020,20/07/2020,Senior
7705,14/02/2020,17/02/2020,Business
8002,23/08/2020,30/08/2020,Standard
4178,08/08/2020,15/08/2020,Standard
8233,24/02/2020,26/02/2020,Business
3390,02/01/2020,04/01/2020,Business
8833,22/07/2020,29/07/2020,Standard
5628,21/07/2020,28/07/2020,Senior
7804,19/07/2020,26/07/2020,Premium
9482,24/07/2020,31/07/2020,Standard
9636,25/03/2020,29/03/2020,Business
7996,09/08/2020,16/08/2020,Senior
1124,19/07/2020,26/07/2020,Standard
5110,18/09/2020,21/09/2020,Business
4261,30/04/2020,03/05/2020,Business
6792,08/08/2020,15/08/2020,Senior
1305,03/08/2020,02/09/2020,Backpacker
8029,07/01/2020,11/01/2020,Business
7965,26/08/2020,02/09/2020,Premium
6854,15/08/2020,22/08/2020,Premium
1043,24/10/2020,26/10/2020,Business
1010,22/08/2020,29/08/2020,Senior
9941,08/02/2020,10/02/2020,Business
8316,03/11/2020,04/11/2020,Business
8167,29/11/2020,01/12/2020,Business
9327,29/04/2020,01/05/2020,Business
8989,20/07/2020,27/07/2020,Premium
3916,03/05/2020,04/05/2020,Business
2856,20/08/2020,19/09/2020,Backpacker
8077,08/08/2020,07/09/2020,Backpacker
4617,10/08/2020,17/08/2020,Standard
3599,21/07/2020,28/07/2020,Standard
6055,22/08/2020,29/08/2020,Standard
2549,09/08/2020,08/09/2020,Backpacker
6427,08/06/2020,11/06/2020,Business
7810,04/08/2020,03/09/2020,Backpacker
4491,19/07/2020,26/07/2020,Senior
7072,24/02/2020,27/02/2020,Business
4266,18/08/2020,25/08/2020,Standard
9774,01/07/2020,08/07/2020,Premium
9804,18/04/2020,22/04/2020,Business
7348,15/08/2020,22/08/2020,Premium
3739,29/08/2020,05/09/2020,Senior
9236,27/07/2020,03/08/2020,Premium
5187,11/08/2020,18/08/2020,Premium
5021,14/07/2020,21/07/2020,Premium
4825,20/08/2020,27/08/2020,Premium
5748,01/10/2020,06/10/2020,Business
2954,22/08/2020,29/08/2020,Standard
7168,12/07/2020,11/08/2020,Backpacker
6449,18/08/2020,23/08/2020,Business
5197,13/02/2020,17/02/2020,Business
6532,15/05/2020,20/05/2020,Business
6964,15/05/2020,19/05/2020,Business
2892,30/07/2020,06/08/2020,Premium
2542,11/08/2020,18/08/2020,Standard
7695,15/08/2020,22/08/2020,Premium
1653,08/08/2020,15/08/2020,Standard
1609,23/07/2020,22/08/2020,Backpacker
9272,18/08/2020,17/09/2020,Backpacker
3633,04/07/2020,11/07/2020,Standard
8338,27/06/2020,02/07/2020,Business
7276,14/03/2020,15/03/2020,Business
2780,31/07/2020,07/08/2020,Premium
5572,23/07/2020,30/07/2020,Premium
8534,01/08/2020,08/08/2020,Standard
2695,13/08/2020,20/08/2020,Premium
2342,07/02/2020,08/02/2020,Business
4836,02/08/2020,01/09/2020,Backpacker
8015,03/08/2020,10/08/2020,Standard
7402,20/04/2020,21/04/2020,Business
1793,18/06/2020,22/06/2020,Business
1415,24/07/2020,23/08/2020,Backpacker
5044,14/07/2020,21/07/2020,Standard
8274,19/07/2020,26/07/2020,Senior
7266,12/08/2020,11/09/2020,Backpacker
4242,20/03/2020,22/03/2020,Business
7864,07/07/2020,17/07/2020,Premium
8559,26/08/2020,05/09/2020,Premium
1625,04/07/2020,14/07/2020,Standard
8632,29/07/2020,08/08/2020,Standard
7465,30/03/2020,03/04/2020,Business
9548,30/07/2020,09/08/2020,Standard
7517,11/05/2020,16/05/2020,Business
1286,11/08/2020,21/08/2020,Standard
8930,05/07/2020,04/08/2020,Backpacker
7253,29/07/2020,08/08/2020,Standard
9614,19/08/2020,29/08/2020,Standard
4623,29/10/2020,01/11/2020,Business
8291,22/07/2020,01/08/2020,Standard
4765,30/08/2020,02/09/2020,Business
2359,10/02/2020,14/02/2020,Business
1818,24/08/2020,03/09/2020,Premium
4698,15/07/2020,25/07/2020,Standard
5489,05/08/2020,15/08/2020,Senior
3160,08/07/2020,18/07/2020,Premium
8963,22/07/2020,01/08/2020,Premium
4489,26/04/2020,29/04/2020,Business
4091,08/08/2020,18/08/2020,Premium
1054,04/07/2020,08/07/2020,Business
9913,10/07/2020,20/07/2020,Senior
1406,18/06/2020,19/06/2020,Business
7317,19/07/2020,18/08/2020,Backpacker
5463,07/07/2020,17/07/2020,Standard
4723,21/12/2020,26/12/2020,Business
3661,03/07/2020,13/07/2020,Standard
4419,11/07/2020,21/07/2020,Standard
2105,11/08/2020,13/08/2020,Business
5730,11/08/2020,21/08/2020,Standard
4919,12/07/2020,22/07/2020,Premium
6945,09/11/2020,13/11/2020,Business
3170,04/12/2020,05/12/2020,Business
2757,29/03/2020,31/03/2020,Business
5055,31/01/2020,04/02/2020,Business
2082,10/08/2020,20/08/2020,Premium
8253,29/08/2020,08/09/2020,Premium
7092,22/11/2020,25/11/2020,Business
1790,19/12/2020,23/12/2020,Business
5093,31/08/2020,30/09/2020,Backpacker
7531,02/03/2020,04/03/2020,Business
6446,08/07/2020,18/07/2020,Premium
6707,21/08/2020,20/09/2020,Backpacker
6587,05/08/2020,15/08/2020,Premium
9908,09/07/2020,08/08/2020,Backpacker
6624,18/07/2020,17/08/2020,Backpacker
5943,01/07/2020,11/07/2020,Standard
8620,04/07/2020,09/07/2020,Business
2685,31/07/2020,10/08/2020,Standard
6206,03/04/2020,06/04/2020,Business
8993,06/07/2020,16/07/2020,Senior
1039,15/11/2020,20/11/2020,Business
3785,05/08/2020,15/08/2020,Premium
3915,05/08/2020,04/09/2020,Backpacker
2416,05/07/2020,08/07/2020,Business
2743,07/08/2020,17/08/2020,Standard
1673,27/08/2020,06/09/2020,Premium
1692,24/07/2020,03/08/2020,Standard
3972,31/08/2020,10/09/2020,Premium
3744,27/04/2020,28/04/2020,Business
7883,27/07/2020,06/08/2020,Backpacker
8566,28/08/2020,07/09/2020,Backpacker
3746,06/08/2020,16/08/2020,Premium
7697,18/07/2020,28/07/2020,Senior
7941,08/02/2020,09/02/2020,Business
6275,30/07/2020,09/08/2020,Premium
1906,16/08/2020,26/08/2020,Senior
2378,09/04/2020,11/04/2020,Business
4137,28/08/2020,07/09/2020,Senior
6733,16/04/2020,18/04/2020,Business
4991,30/08/2020,09/09/2020,Premium
1976,09/08/2020,19/08/2020,Premium
1752,03/07/2020,13/07/2020,Standard
4913,20/11/2020,25/11/2020,Business
8424,22/07/2020,01/08/2020,Premium
4117,15/07/2020,25/07/2020,Premium
9571,27/07/2020,28/07/2020,Business
5267,17/07/2020,27/07/2020,Premium
1900,03/08/2020,13/08/2020,Premium
6934,22/08/2020,01/09/2020,Backpacker
4096,02/03/2020,07/03/2020,Business
8936,22/07/2020,01/08/2020,Standard
5768,05/08/2020,15/08/2020,Standard
2436,18/08/2020,22/08/2020,Business
8503,13/08/2020,23/08/2020,Senior
9949,21/06/2020,23/06/2020,Business
9286,24/08/2020,03/09/2020,Premium
2557,18/08/2020,28/08/2020,Premium
6525,13/08/2020,23/08/2020,Premium
7314,20/08/2020,21/08/2020,Business
9585,18/01/2020,22/01/2020,Business
9397,27/08/2020,06/09/2020,Standard
1236,17/10/2020,20/10/2020,Business
7801,02/02/2020,04/02/2020,Business
6215,30/07/2020,09/08/2020,Backpacker
2979,28/08/2020,07/09/2020,Premium
6588,29/08/2020,08/09/2020,Standard
3432,28/07/2020,30/07/2020,Business
2030,04/03/2020,08/03/2020,Business
9435,04/07/2020,14/07/2020,Premium
7030,25/08/2020,04/09/2020,Premium
3204,01/08/2020,11/08/2020,Senior
2405,18/12/2020,23/12/2020,Business
3395,01/08/2020,11/08/2020,Backpacker
6683,09/07/2020,19/07/2020,Premium
4596,14/07/2020,24/07/2020,Senior
2617,02/07/2020,12/07/2020,Premium
7744,10/12/2020,11/12/2020,Business
1191,22/08/2020,01/09/2020,Standard
8488,02/07/2020,12/07/2020,Standard
7293,29/08/2020,08/09/2020,Standard
3129,10/01/2020,15/01/2020,Business
2493,20/07/2020,30/07/2020,Standard
9141,16/07/2020,26/07/2020,Standard
7765,26/07/2020,05/08/2020,Backpacker
6028,16/07/2020,26/07/2020,Standard
7998,18/08/2020,28/08/2020,Backpacker
2259,05/07/2020,15/07/2020,Standard
8147,12/08/2020,22/08/2020,Standard
4658,28/05/2020,02/06/2020,Business
8239,06/08/2020,16/08/2020,Senior
8578,14/07/2020,24/07/2020,Backpacker
3548,10/02/2020,14/02/2020,Business
3038,19/07/2020,21/07/2020,Business
6305,07/08/2020,17/08/2020,Backpacker
9026,30/08/2020,09/09/2020,Standard
8769,21/03/2020,22/03/2020,Business
7866,30/08/2020,09/09/2020,Backpacker
1770,09/08/2020,19/08/2020,Premium
8757,27/07/2020,06/08/2020,Standard
4636,03/02/2020,04/02/2020,Business
3596,24/08/2020,03/09/2020,Premium
3064,10/08/2020,20/08/2020,Premium
2401,16/07/2020,26/07/2020,Premium
9964,26/10/2020,29/10/2020,Business
8370,04/08/2020,14/08/2020,Backpacker
6812,28/08/2020,07/09/2020,Premium
3259,07/11/2020,08/11/2020,Business
1228,20/01/2020,25/01/2020,Business
9675,16/08/2020,26/08/2020,Standard
1884,17/07/2020,20/07/2020,Business
7514,24/07/2020,03/08/2020,Backpacker
7479,05/02/2020,08/02/2020,Business
1346,12/08/2020,22/08/2020,Standard
5450,19/08/2020,29/08/2020,Backpacker
9779,19/07/2020,29/07/2020,Premium
7477,22/07/2020,01/08/2020,Standard
8756,28/10/2020,01/11/2020,Business
5787,25/04/2020,28/04/2020,Business
8278,19/07/2020,29/07/2020,Premium
6159,17/07/2020,27/07/2020,Backpacker
3845,24/06/2020,25/06/2020,Business
1709,04/11/2020,06/11/2020,Business
2415,03/04/2020,04/04/2020,Business
1181,16/08/2020,26/08/2020,Backpacker
9823,08/07/2020,18/07/2020,Backpacker
7867,03/07/2020,13/07/2020,Premium
3448,27/08/2020,06/09/2020,Standard
5510,18/07/2020,28/07/2020,Premium
4892,20/07/2020,30/07/2020,Senior
8783,31/08/2020,10/09/2020,Backpacker
8104,14/07/2020,24/07/2020,Senior
1183,19/07/2020,29/07/2020,Premium
9194,07/08/2020,17/08/2020,Premium
9623,19/08/2020,29/08/2020,Standard
2765,13/07/2020,23/07/2020,Standard
2053,11/05/2020,12/05/2020,Business
8086,03/08/2020,04/08/2020,Business
9977,24/07/2020,03/08/2020,Standard
3357,03/07/2020,13/07/2020,Premium
5473,09/07/2020,19/07/2020,Backpacker
4728,31/07/2020,10/08/2020,Standard
9234,01/07/2020,11/07/2020,Backpacker
5823,07/07/2020,08/07/2020,Business
1388,09/09/2020,12/09/2020,Business
9988,22/07/2020,01/08/2020,Premium
9148,08/08/2020,18/08/2020,Premium
4067,21/08/2020,31/08/2020,Backpacker
3906,07/08/2020,17/08/2020,Backpacker
9426,01/10/2020,05/10/2020,Business
6010,16/08/2020,26/08/2020,Premium
6754,10/10/2020,14/10/2020,Business
2973,18/05/2020,19/05/2020,Business
5257,31/07/2020,10/08/2020,Backpacker
9398,19/07/2020,29/07/2020,Standard
4669,25/08/2020,04/09/2020,Standard
6589,04/07/2020,14/07/2020,Standard
4217,13/08/2020,23/08/2020,Backpacker
3512,20/07/2020,21/07/2020,Business
6801,19/07/2020,29/07/2020,Backpacker
4862,01/03/2020,02/03/2020,Business
9727,19/07/2020,29/07/2020,Backpacker
9380,12/08/2020,22/08/2020,Senior
7600,03/07/2020,13/07/2020,Premium
2309,25/04/2020,27/04/2020,Business
2834,30/12/2020,04/01/2021,Business
1164,27/08/2020,06/09/2020,Premium
9707,10/05/2020,15/05/2020,Business
8545,11/07/2020,14/07/2020,Business
7102,18/02/2020,22/02/2020,Business
3131,11/02/2020,15/02/2020,Business
8970,12/07/2020,22/07/2020,Standard
3232,23/10/2020,24/10/2020,Business
7608,26/08/2020,05/09/2020,Standard
2581,28/12/2020,02/01/2021,Business
5480,27/08/2020,06/09/2020,Backpacker
1416,07/08/2020,17/08/2020,Backpacker
7031,20/07/2020,24/07/2020,Business
7453,21/07/2020,31/07/2020,Premium
3004,22/08/2020,01/09/2020,Backpacker
9921,16/08/2020,26/08/2020,Backpacker
9948,21/07/2020,31/07/2020,Standard
4615,21/03/2020,23/03/2020,Business
5565,17/03/2020,22/03/2020,Business
1091,16/07/2020,26/07/2020,Senior
8465,23/07/2020,02/08/2020,Standard
6724,29/07/2020,08/08/2020,Premium
2086,22/01/2020,25/01/2020,Business
4147,24/06/2020,27/06/2020,Business
9555,27/07/2020,06/08/2020,Premium
8937,19/08/2020,29/08/2020,Senior
6681,12/01/2020,14/01/2020,Business
1475,28/08/2020,07/09/2020,Backpacker
4976,27/07/2020,06/08/2020,Senior
6640,06/07/2020,16/07/2020,Premium
6519,27/03/2020,29/03/2020,Business
3342,19/08/2020,29/08/2020,Backpacker
1935,16/06/2020,18/06/2020,Business
6504,20/08/2020,30/08/2020,Backpacker
8638,18/04/2020,23/04/2020,Business
7353,30/08/2020,09/09/2020,Premium
2290,08/07/2020,18/07/2020,Standard
9112,27/08/2020,06/09/2020,Backpacker
5121,04/07/2020,14/07/2020,Standard
9057,06/08/2020,16/08/2020,Premium
9104,28/12/2020,30/12/2020,Business
3115,12/07/2020,22/07/2020,Standard
3802,22/04/2020,25/04/2020,Business
3314,05/08/2020,15/08/2020,Premium
7619,18/08/2020,28/08/2020,Standard
1713,20/04/2020,22/04/2020,Business
7727,23/07/2020,02/08/2020,Standard
3234,09/07/2020,19/07/2020,Standard
3816,19/07/2020,29/07/2020,Standard
8510,05/07/2020,15/07/2020,Backpacker
4614,22/08/2020,01/09/2020,Premium
2585,27/07/2020,31/07/2020,Business
1826,11/07/2020,21/07/2020,Standard
9245,03/08/2020,13/08/2020,Premium
6096,29/07/2020,08/08/2020,Standard
4065,09/07/2020,19/07/2020,Standard
4533,15/08/2020,19/08/2020,Business
7718,08/05/2020,13/05/2020,Business
1261,15/04/2020,19/04/2020,Business
6050,22/07/2020,24/07/2020,Business
7904,01/09/2020,03/09/2020,Business
5184,29/08/2020,08/09/2020,Backpacker
7717,06/07/2020,16/07/2020,Backpacker
3953,14/07/2020,24/07/2020,Standard
8611,14/07/2020,24/07/2020,Senior
9820,23/07/2020,02/08/2020,Premium
1910,05/08/2020,15/08/2020,Standard
8790,24/10/2020,25/10/2020,Business
5843,10/07/2020,20/07/2020,Premium
3202,02/07/2020,12/07/2020,Premium
4539,19/07/2020,29/07/2020,Standard
5009,03/08/2020,13/08/2020,Backpacker
9906,18/01/2020,21/01/2020,Business
7938,04/08/2020,14/08/2020,Premium
3047,17/08/2020,27/08/2020,Backpacker
1264,25/08/2020,04/09/2020,Standard
9745,25/07/2020,04/08/2020,Premium
5140,23/08/2020,02/09/2020,Premium
6074,02/11/2020,05/11/2020,Business
5840,27/08/2020,29/08/2020,Business
2319,03/02/2020,04/02/2020,Business
1347,14/04/2020,17/04/2020,Business
1342,22/01/2020,27/01/2020,Business
2636,22/06/2020,23/06/2020,Business
1082,24/07/2020,03/08/2020,Premium
9544,27/08/2020,06/09/2020,Premium
9230,30/07/2020,09/08/2020,Backpacker
5207,01/07/2020,11/07/2020,Senior
7636,02/08/2020,12/08/2020,Senior
1861,25/07/2020,26/07/2020,Business
1442,12/03/2020,14/03/2020,Business
1478,12/05/2020,16/05/2020,Business
5742,18/06/2020,19/06/2020,Business
2952,08/07/2020,18/07/2020,Backpacker
2822,15/08/2020,25/08/2020,Premium
6665,25/03/2020,29/03/2020,Business
5739,30/07/2020,09/08/2020,Standard
4759,11/08/2020,21/08/2020,Backpacker
2451,20/08/2020,30/08/2020,Backpacker
7963,05/09/2020,09/09/2020,Business
2298,29/07/2020,08/08/2020,Senior
2870,07/08/2020,17/08/2020,Backpacker
3959,05/07/2020,15/07/2020,Standard
8402,15/09/2020,19/09/2020,Business
8719,11/07/2020,21/07/2020,Standard
6999,28/08/2020,07/09/2020,Backpacker
6986,02/07/2020,12/07/2020,Premium
8851,19/07/2020,29/07/2020,Standard
1957,22/07/2020,01/08/2020,Standard
7304,26/07/2020,09/08/2020,Backpacker
4164,13/07/2020,27/07/2020,Senior
3074,27/07/2020,10/08/2020,Standard
7181,03/08/2020,17/08/2020,Standard
4770,16/09/2020,21/09/2020,Business
6591,16/08/2020,30/08/2020,Standard
4804,14/07/2020,28/07/2020,Premium
4144,03/07/2020,17/07/2020,Senior
9717,04/08/2020,06/08/2020,Business
4916,16/02/2020,20/02/2020,Business
3786,11/02/2020,16/02/2020,Business
6217,12/08/2020,26/08/2020,Standard
6177,22/07/2020,05/08/2020,Standard
6760,19/11/2020,24/11/2020,Business
4485,30/07/2020,13/08/2020,Premium
6113,14/07/2020,28/07/2020,Senior
6802,20/07/2020,03/08/2020,Premium
1802,16/01/2020,20/01/2020,Business
3199,31/07/2020,14/08/2020,Premium
1218,27/08/2020,10/09/2020,Premium
2638,16/07/2020,30/07/2020,Premium
9029,03/08/2020,17/08/2020,Premium
2129,14/07/2020,19/07/2020,Business
6653,24/07/2020,07/08/2020,Premium
6615,05/07/2020,19/07/2020,Standard
2668,22/07/2020,05/08/2020,Premium
1640,11/07/2020,25/07/2020,Premium
3828,08/07/2020,22/07/2020,Standard
9689,23/08/2020,06/09/2020,Premium
7667,20/08/2020,03/09/2020,Premium
1732,18/07/2020,01/08/2020,Backpacker
9510,17/07/2020,31/07/2020,Premium
2339,04/08/2020,05/08/2020,Business
4906,06/07/2020,20/07/2020,Premium
8622,14/12/2020,15/12/2020,Business
8442,29/12/2020,03/01/2021,Business
1616,21/09/2020,25/09/2020,Business
1971,17/07/2020,31/07/2020,Standard
3544,25/05/2020,30/05/2020,Business
6637,10/08/2020,24/08/2020,Standard
4772,14/08/2020,28/08/2020,Premium
3530,30/01/2020,02/02/2020,Business
9621,03/07/2020,05/07/2020,Business
2171,28/07/2020,11/08/2020,Backpacker
9219,24/01/2020,28/01/2020,Business
7911,15/07/2020,29/07/2020,Backpacker
4520,05/07/2020,19/07/2020,Premium
3114,14/08/2020,28/08/2020,Premium
4779,12/08/2020,26/08/2020,Standard
6332,07/03/2020,12/03/2020,Business
1784,10/03/2020,12/03/2020,Business
3777,11/11/2020,15/11/2020,Business
1816,30/08/2020,13/09/2020,Senior
8431,13/11/2020,17/11/2020,Business
9818,12/07/2020,26/07/2020,Backpacker
2332,22/08/2020,05/09/2020,Backpacker
1349,11/07/2020,25/07/2020,Premium
1649,07/08/2020,09/08/2020,Business
4197,27/08/2020,10/09/2020,Premium
4577,12/08/2020,26/08/2020,Backpacker
3097,05/11/2020,10/11/2020,Business
5817,07/12/2020,08/12/2020,Business
6857,16/08/2020,18/08/2020,Business
8437,11/08/2020,25/08/2020,Backpacker
8913,18/07/2020,01/08/2020,Premium
5375,04/11/2020,09/11/2020,Business
6603,04/08/2020,18/08/2020,Standard
1241,17/12/2020,19/12/2020,Business
3002,23/09/2020,25/09/2020,Business
1166,18/07/2020,01/08/2020,Senior
4224,10/03/2020,15/03/2020,Business
9508,14/06/2020,16/06/2020,Business
4328,29/09/2020,03/10/2020,Business
1622,06/07/2020,20/07/2020,Premium
6231,08/10/2020,11/10/2020,Business
5192,30/08/2020,13/09/2020,Premium
5365,30/08/2020,13/09/2020,Backpacker
5807,29/08/2020,12/09/2020,Premium
9888,15/05/2020,20/05/2020,Business
7068,27/05/2020,31/05/2020,Business
4576,21/08/2020,04/09/2020,Premium
6853,14/07/2020,28/07/2020,Premium
2639,20/07/2020,03/08/2020,Premium
1942,02/10/2020,05/10/2020,Business
6839,05/01/2020,07/01/2020,Business
3765,31/08/2020,14/09/2020,Backpacker
6768,13/07/2020,27/07/2020,Standard
9111,06/04/2020,09/04/2020,Business
3882,15/08/2020,29/08/2020,Backpacker
2573,31/07/2020,14/08/2020,Premium
2223,23/06/2020,25/06/2020,Business
2574,14/09/2020,18/09/2020,Business
9553,18/07/2020,01/08/2020,Standard
2591,12/06/2020,15/06/2020,Business
8861,19/12/2020,24/12/2020,Business
5249,09/08/2020,23/08/2020,Standard
8258,26/04/2020,29/04/2020,Business
5681,24/05/2020,28/05/2020,Business
6528,12/08/2020,26/08/2020,Premium
3099,23/09/2020,25/09/2020,Business
2392,09/10/2020,13/10/2020,Business
8072,16/07/2020,30/07/2020,Senior
4706,14/07/2020,28/07/2020,Senior
3012,05/07/2020,19/07/2020,Premium
3417,01/09/2020,05/09/2020,Business
7172,20/08/2020,03/09/2020,Standard
3515,05/07/2020,19/07/2020,Standard
6551,20/07/2020,03/08/2020,Senior
3281,18/12/2020,22/12/2020,Business
6911,16/07/2020,30/07/2020,Backpacker
8796,01/11/2020,05/11/2020,Business
8759,20/07/2020,03/08/2020,Standard
1380,31/07/2020,14/08/2020,Premium
9778,31/07/2020,14/08/2020,Senior
4718,16/08/2020,30/08/2020,Standard
3340,17/07/2020,31/07/2020,Standard
7277,04/07/2020,18/07/2020,Premium
9278,14/08/2020,18/08/2020,Business
5836,11/08/2020,25/08/2020,Senior
6902,01/08/2020,15/08/2020,Standard
8283,22/07/2020,05/08/2020,Backpacker
1407,08/09/2020,10/09/2020,Business
2364,30/08/2020,13/09/2020,Standard
9361,18/08/2020,01/09/2020,Standard
4573,30/08/2020,13/09/2020,Premium
8156,22/05/2020,25/05/2020,Business
1867,23/08/2020,06/09/2020,Premium
1118,20/07/2020,03/08/2020,Backpacker
4077,27/08/2020,10/09/2020,Backpacker
2960,23/08/2020,06/09/2020,Senior
3927,09/08/2020,23/08/2020,Premium
2420,14/09/2020,18/09/2020,Business
5468,09/02/2020,11/02/2020,Business
3061,22/08/2020,05/09/2020,Premium
8700,28/02/2020,01/03/2020,Business
4979,16/07/2020,30/07/2020,Premium
8994,12/07/2020,26/07/2020,Standard
8840,07/06/2020,11/06/2020,Business
3608,27/06/2020,01/07/2020,Business
1988,18/07/2020,01/08/2020,Premium
5229,23/07/2020,06/08/2020,Premium
2214,16/07/2020,30/07/2020,Senior
8175,13/10/2020,14/10/2020,Business
2108,08/07/2020,22/07/2020,Backpacker
5420,26/08/2020,09/09/2020,Senior
9140,31/07/2020,14/08/2020,Senior
9528,23/07/2020,06/08/2020,Premium
2857,02/07/2020,16/07/2020,Senior
5531,24/10/2020,28/10/2020,Business
1104,21/07/2020,04/08/2020,Backpacker
6352,17/06/2020,19/06/2020,Business
8588,25/07/2020,08/08/2020,Premium
1513,24/08/2020,07/09/2020,Standard
3934,29/08/2020,02/09/2020,Business
2246,23/07/2020,06/08/2020,Backpacker
2132,24/07/2020,07/08/2020,Standard
8490,30/06/2020,01/07/2020,Business
2643,18/02/2020,21/02/2020,Business
7132,23/08/2020,06/09/2020,Standard
2431,14/11/2020,19/11/2020,Business
4613,13/08/2020,27/08/2020,Standard
1345,04/08/2020,18/08/2020,Standard
3992,28/09/2020,30/09/2020,Business
9333,13/07/2020,27/07/2020,Standard
5879,13/08/2020,27/08/2020,Standard
1035,10/07/2020,24/07/2020,Backpacker
3611,25/04/2020,27/04/2020,Business
5241,22/08/2020,05/09/2020,Standard
5084,13/07/2020,27/07/2020,Premium
9979,02/12/2020,07/12/2020,Business
8797,27/08/2020,10/09/2020,Senior
7873,09/08/2020,23/08/2020,Standard
5624,27/08/2020,10/09/2020,Premium
3344,19/08/2020,02/09/2020,Senior
9653,21/07/2020,04/08/2020,Premium
8348,09/07/2020,23/07/2020,Backpacker
9064,13/10/2020,14/10/2020,Business
1335,19/08/2020,02/09/2020,Standard
2928,22/10/2020,24/10/2020,Business
7206,26/08/2020,09/09/2020,Standard
5607,05/07/2020,19/07/2020,Senior
8869,16/07/2020,30/07/2020,Backpacker
1021,20/08/2020,03/09/2020,Standard
1120,25/12/2020,26/12/2020,Business
4247,31/12/2020,03/01/2021,Business
5289,28/07/2020,01/08/2020,Business
9847,17/07/2020,31/07/2020,Standard
8367,20/08/2020,03/09/2020,Backpacker
6110,30/07/2020,13/08/2020,Senior
4452,03/07/2020,17/07/2020,Standard
3421,07/04/2020,08/04/2020,Business
9963,25/07/2020,08/08/2020,Senior
6493,12/09/2020,16/09/2020,Business
6693,22/07/2020,05/08/2020,Backpacker
8302,28/07/2020,11/08/2020,Standard
6045,21/08/2020,04/09/2020,Senior
4299,01/03/2020,02/03/2020,Business
8463,11/10/2020,12/10/2020,Business
1006,14/07/2020,28/07/2020,Standard
3566,11/08/2020,25/08/2020,Standard
9318,06/11/2020,09/11/2020,Business
2326,20/07/2020,23/07/2020,Business
2914,08/08/2020,13/08/2020,Business
6257,10/07/2020,24/07/2020,Standard
1891,27/02/2020,02/03/2020,Business
6249,01/08/2020,15/08/2020,Standard
8319,08/10/2020,11/10/2020,Business
3288,11/07/2020,25/07/2020,Senior
8584,29/07/2020,12/08/2020,Backpacker
5279,11/07/2020,25/07/2020,Backpacker
3102,24/08/2020,07/09/2020,Standard
4977,05/07/2020,19/07/2020,Standard
4492,24/11/2020,27/11/2020,Business
3454,02/07/2020,16/07/2020,Backpacker
5438,24/07/2020,07/08/2020,Premium
8626,21/08/2020,04/09/2020,Standard
9695,02/09/2020,03/09/2020,Business
7661,15/01/2020,18/01/2020,Business
6855,18/08/2020,01/09/2020,Standard
4388,10/08/2020,24/08/2020,Senior
1317,11/08/2020,25/08/2020,Backpacker
6550,10/08/2020,24/08/2020,Backpacker
1072,08/08/2020,22/08/2020,Premium
1333,24/07/2020,07/08/2020,Standard
6052,05/03/2020,08/03/2020,Business
2248,16/07/2020,19/07/2020,Business
4118,18/08/2020,01/09/2020,Senior
1748,19/08/2020,02/09/2020,Senior
5576,25/07/2020,08/08/2020,Backpacker
1851,22/07/2020,05/08/2020,Premium
7651,18/08/2020,21/08/2020,Business
4851,10/02/2020,15/02/2020,Business
3609,25/08/2020,08/09/2020,Standard
9740,24/07/2020,07/08/2020,Senior
5513,01/10/2020,06/10/2020,Business
1063,15/08/2020,29/08/2020,Senior
3394,05/08/2020,19/08/2020,Premium
9465,11/07/2020,25/07/2020,Backpacker
8609,21/11/2020,24/11/2020,Business
9927,11/07/2020,25/07/2020,Standard
4972,13/08/2020,27/08/2020,Premium
4575,10/07/2020,24/07/2020,Backpacker
7577,28/11/2020,30/11/2020,Business
3564,14/04/2020,16/04/2020,Business
7837,19/10/2020,22/10/2020,Business
9392,19/07/2020,02/08/2020,Standard
3308,09/08/2020,23/08/2020,Premium
7622,03/10/2020,06/10/2020,Business
2050,31/07/2020,14/08/2020,Premium
5964,21/08/2020,04/09/2020,Premium
6322,03/08/2020,17/08/2020,Standard
5958,23/07/2020,06/08/2020,Standard
6752,15/11/2020,19/11/2020,Business
3367,27/07/2020,10/08/2020,Standard
7109,22/07/2020,05/08/2020,Backpacker
2985,11/08/2020,25/08/2020,Standard
6018,07/07/2020,21/07/2020,Standard
1368,11/08/2020,25/08/2020,Backpacker
5833,15/08/2020,29/08/2020,Standard
4535,03/08/2020,17/08/2020,Premium
7245,22/07/2020,05/08/2020,Senior
9045,23/07/2020,06/08/2020,Standard
5546,03/06/2020,05/06/2020,Business
4842,18/07/2020,21/07/2020,Business
6292,03/12/2020,04/12/2020,Business
7166,24/07/2020,07/08/2020,Backpacker
9702,19/08/2020,23/08/2020,Business
3215,10/08/2020,24/08/2020,Senior
3573,24/08/2020,07/09/2020,Premium
4963,11/08/2020,25/08/2020,Standard
8518,19/08/2020,02/09/2020,Senior
6185,31/07/2020,14/08/2020,Backpacker
4720,25/08/2020,08/09/2020,Premium
1087,16/08/2020,30/08/2020,Premium
8421,20/09/2020,22/09/2020,Business
2175,18/12/2020,22/12/2020,Business
7174,02/06/2020,06/06/2020,Business
9842,29/08/2020,12/09/2020,Premium
2498,23/07/2020,06/08/2020,Premium
9323,01/07/2020,15/07/2020,Backpacker
7111,15/07/2020,29/07/2020,Senior
8612,19/01/2020,20/01/2020,Business
8563,31/07/2020,14/08/2020,Standard
1178,05/08/2020,19/08/2020,Premium
6411,24/05/2020,29/05/2020,Business
3472,07/07/2020,21/07/2020,Backpacker
1066,24/08/2020,07/09/2020,Standard
9684,25/08/2020,08/09/2020,Premium
1334,16/06/2020,19/06/2020,Business
7196,14/08/2020,28/08/2020,Premium
6087,26/08/2020,09/09/2020,Backpacker
3100,15/07/2020,29/07/2020,Standard
7147,16/07/2020,30/07/2020,Standard
6142,08/07/2020,22/07/2020,Backpacker
4114,06/08/2020,20/08/2020,Backpacker
5195,07/10/2020,12/10/2020,Business
2134,02/10/2020,03/10/2020,Business
8795,03/07/2020,17/07/2020,Backpacker
6397,20/08/2020,03/09/2020,Backpacker
9263,13/05/2020,16/05/2020,Business
6439,11/08/2020,25/08/2020,Standard
6336,28/08/2020,11/09/2020,Backpacker
2017,19/08/2020,02/09/2020,Standard
9218,07/09/2020,20/09/2020,Business
9724,30/03/2020,04/04/2020,Business
2935,26/07/2020,09/08/2020,Backpacker
4078,04/04/2020,05/04/2020,Business
2227,27/07/2020,10/08/2020,Backpacker
6557,19/10/2020,02/11/2020,Business
4838,12/04/2020,14/04/2020,Business
3891,14/07/2020,28/07/2020,Standard
8478,15/08/2020,29/08/2020,Standard
7096,07/07/2020,21/07/2020,Standard
5082,04/07/2020,18/07/2020,Standard
8800,29/07/2020,12/08/2020,Premium
7461,21/07/2020,26/07/2020,Business
7424,10/08/2020,24/08/2020,Standard
6544,12/08/2020,26/08/2020,Standard
9296,19/08/2020,02/09/2020,Premium
9088,11/04/2020,21/04/2020,Business
9015,17/05/2020,18/05/2020,Business
8481,05/08/2020,19/08/2020,Premium
9499,30/07/2020,13/08/2020,Standard
4717,07/07/2020,21/07/2020,Standard
9752,08/02/2020,17/02/2020,Business
6207,14/04/2020,24/04/2020,Business
7763,11/08/2020,25/08/2020,Premium
1188,03/08/2020,17/08/2020,Backpacker
6746,15/06/2020,29/06/2020,Business
4346,26/07/2020,09/08/2020,Senior
1768,12/08/2020,26/08/2020,Backpacker
8558,14/08/2020,28/08/2020,Standard
7972,06/07/2020,20/07/2020,Standard
9793,10/08/2020,24/08/2020,Senior
9693,29/07/2020,12/08/2020,Backpacker
3545,07/08/2020,21/08/2020,Premium
5405,25/10/2020,04/11/2020,Business
6973,31/07/2020,14/08/2020,Backpacker
3463,17/07/2020,31/07/2020,Premium
4481,23/07/2020,25/07/2020,Business
2026,06/08/2020,20/08/2020,Standard
3656,26/12/2020,02/01/2021,Business
6654,24/03/2020,02/04/2020,Business
9504,23/07/2020,06/08/2020,Senior
1026,26/07/2020,09/08/2020,Premium
3639,08/07/2020,22/07/2020,Premium
8210,18/07/2020,01/08/2020,Backpacker
4946,29/07/2020,12/08/2020,Standard
8889,05/08/2020,19/08/2020,Standard
8379,28/08/2020,11/09/2020,Premium
4561,21/07/2020,04/08/2020,Standard
6356,04/07/2020,18/07/2020,Standard
6004,18/08/2020,01/09/2020,Backpacker
2505,05/08/2020,19/08/2020,Standard
2977,22/08/2020,05/09/2020,Backpacker
7863,11/08/2020,25/08/2020,Standard
7993,02/08/2020,16/08/2020,Premium
9496,21/08/2020,04/09/2020,Standard
1302,14/07/2020,28/07/2020,Premium
1925,20/08/2020,03/09/2020,Standard
8396,05/03/2020,18/03/2020,Business
8184,08/07/2020,22/07/2020,Standard
7888,08/07/2020,22/07/2020,Premium
5774,01/05/2020,10/05/2020,Business
6488,22/07/2020,05/08/2020,Standard
2937,17/08/2020,31/08/2020,Senior
6345,26/07/2020,09/08/2020,Senior
6922,04/08/2020,18/08/2020,Backpacker
7995,03/07/2020,17/07/2020,Premium
3797,04/07/2020,18/07/2020,Standard
2206,27/12/2020,09/01/2021,Business
1017,07/07/2020,21/07/2020,Standard
1936,29/04/2020,07/05/2020,Business
2358,05/08/2020,19/08/2020,Standard
6798,12/07/2020,26/07/2020,Senior
7745,01/04/2020,05/04/2020,Business
9159,17/07/2020,31/07/2020,Backpacker
5440,30/07/2020,13/08/2020,Backpacker
7380,15/08/2020,29/08/2020,Backpacker
2480,27/08/2020,10/09/2020,Standard
1773,12/07/2020,26/07/2020,Standard
1643,25/05/2020,03/06/2020,Business
3283,07/11/2020,21/11/2020,Business
4140,02/01/2020,11/01/2020,Business
4537,10/08/2020,24/08/2020,Premium
1874,12/07/2020,26/07/2020,Standard
2145,30/08/2020,13/09/2020,Premium
6381,25/08/2020,08/09/2020,Premium
8955,13/07/2020,27/07/2020,Standard
7373,06/08/2020,20/08/2020,Senior
4532,17/08/2020,31/08/2020,Senior
9556,07/06/2020,10/06/2020,Business
5803,06/07/2020,20/07/2020,Premium
2624,24/07/2020,07/08/2020,Premium
3477,27/10/2020,04/11/2020,Business
9654,17/08/2020,31/08/2020,Standard
6303,01/08/2020,15/08/2020,Standard
1578,14/02/2020,19/02/2020,Business
9924,09/08/2020,23/08/2020,Senior
4045,29/07/2020,12/08/2020,Senior
3271,01/08/2020,15/08/2020,Senior
9519,06/08/2020,20/08/2020,Standard
9721,15/04/2020,20/04/2020,Business
3647,15/07/2020,29/07/2020,Backpacker
6579,14/07/2020,28/07/2020,Standard
4192,12/05/2020,18/05/2020,Business
1765,27/07/2020,10/08/2020,Standard
2769,14/08/2020,28/08/2020,Senior
7260,22/08/2020,05/09/2020,Senior
2308,30/01/2020,02/02/2020,Business
7100,29/07/2020,12/08/2020,Premium
1436,07/08/2020,21/08/2020,Senior
3742,16/08/2020,30/08/2020,Standard
7035,07/08/2020,21/08/2020,Premium
5616,26/08/2020,09/09/2020,Premium
1434,03/07/2020,17/07/2020,Standard
2293,02/08/2020,16/08/2020,Premium
9273,06/08/2020,20/08/2020,Backpacker
7960,21/08/2020,04/09/2020,Premium
1165,25/07/2020,08/08/2020,Backpacker
1965,13/07/2020,27/07/2020,Premium
7267,31/07/2020,14/08/2020,Premium
6325,23/07/2020,02/08/2020,Business
2971,04/08/2020,18/08/2020,Backpacker
8111,24/08/2020,07/09/2020,Premium
4161,15/01/2020,21/01/2020,Business
4314,09/04/2020,12/04/2020,Business
1703,04/10/2020,14/10/2020,Business
7585,08/08/2020,22/08/2020,Standard
9449,25/08/2020,08/09/2020,Standard
4163,10/08/2020,24/08/2020,Standard
4157,03/01/2020,16/01/2020,Business
3635,24/07/2020,07/08/2020,Premium
6105,18/06/2020,28/06/2020,Business
3783,05/08/2020,19/08/2020,Premium
7732,12/08/2020,26/08/2020,Standard
1963,11/08/2020,25/08/2020,Premium
1858,19/03/2020,22/03/2020,Business
7708,08/07/2020,22/07/2020,Premium
2988,12/08/2020,26/08/2020,Standard
4044,07/08/2020,21/08/2020,Standard
5292,12/12/2020,14/12/2020,Business
3376,15/08/2020,29/08/2020,Standard
3863,16/07/2020,30/07/2020,Premium
9269,31/07/2020,14/08/2020,Standard
4097,15/07/2020,29/07/2020,Premium
6799,09/08/2020,23/08/2020,Backpacker
3556,18/11/2020,29/11/2020,Business
6756,01/07/2020,15/07/2020,Standard
7609,08/04/2020,20/04/2020,Business
3208,06/08/2020,20/08/2020,Backpacker
3520,16/08/2020,30/08/2020,Backpacker
1573,20/08/2020,03/09/2020,Standard
2835,13/08/2020,27/08/2020,Standard
6805,12/07/2020,26/07/2020,Standard
9310,09/08/2020,23/08/2020,Premium
1074,07/08/2020,21/08/2020,Premium
4059,08/05/2020,21/05/2020,Business
3164,14/07/2020,28/07/2020,Backpacker
7872,08/07/2020,22/07/2020,Premium
2821,27/07/2020,10/08/2020,Standard
7551,27/08/2020,10/09/2020,Standard
2698,30/07/2020,13/08/2020,Premium
6858,17/08/2020,31/08/2020,Premium
1982,07/07/2020,21/07/2020,Backpacker
3613,10/08/2020,24/08/2020,Backpacker
9655,29/07/2020,12/08/2020,Standard
5904,15/08/2020,29/08/2020,Standard
4675,18/07/2020,01/08/2020,Standard
2883,01/07/2020,15/07/2020,Standard
5097,15/08/2020,29/08/2020,Backpacker
9711,12/08/2020,26/08/2020,Backpacker
3028,14/07/2020,28/07/2020,Standard
3826,05/10/2020,13/10/2020,Business
5091,16/08/2020,30/08/2020,Premium
3514,02/01/2020,05/01/2020,Business
6988,13/07/2020,27/07/2020,Senior
2793,04/03/2020,09/03/2020,Business
9320,10/01/2020,11/01/2020,Business
2894,03/07/2020,17/07/2020,Standard
8218,30/07/2020,13/08/2020,Standard
7878,13/07/2020,27/07/2020,Backpacker
8646,25/08/2020,08/09/2020,Backpacker
9984,05/07/2020,19/07/2020,Standard
4875,15/08/2020,29/08/2020,Backpacker
1193,24/08/2020,07/09/2020,Premium
5769,23/06/2020,25/06/2020,Business
2815,14/08/2020,28/08/2020,Premium
6179,12/10/2020,23/10/2020,Business
4735,23/08/2020,05/09/2020,Business
1579,23/07/2020,06/08/2020,Backpacker
2344,08/11/2020,13/11/2020,Business
2528,27/08/2020,10/09/2020,Standard
8327,15/08/2020,29/08/2020,Standard
2371,07/07/2020,21/07/2020,Premium
1706,04/08/2020,18/08/2020,Standard
9297,05/07/2020,16/07/2020,Business
4961,17/05/2020,21/05/2020,Business
3089,11/07/2020,25/07/2020,Premium
9235,27/07/2020,10/08/2020,Standard
9022,25/08/2020,08/09/2020,Standard
9440,12/07/2020,26/07/2020,Standard
9582,12/08/2020,26/08/2020,Standard
9025,01/07/2020,15/07/2020,Standard
2055,02/06/2020,05/06/2020,Business
3568,07/07/2020,21/07/2020,Standard
8444,23/03/2020,25/03/2020,Business
7418,12/07/2020,26/07/2020,Standard
6003,04/12/2020,11/12/2020,Business
8905,17/08/2020,31/08/2020,Senior
5918,25/07/2020,08/08/2020,Backpacker
4898,28/08/2020,11/09/2020,Standard
2395,10/08/2020,24/08/2020,Premium
8593,15/01/2020,27/01/2020,Business
6938,28/05/2020,01/06/2020,Business
8654,29/01/2020,04/02/2020,Business
8726,15/07/2020,29/07/2020,Standard
2796,02/08/2020,07/08/2020,Business
9701,23/08/2020,29/08/2020,Business
3861,19/07/2020,02/08/2020,Standard
5851,13/07/2020,27/07/2020,Backpacker
2747,16/02/2020,25/02/2020,Business
6230,23/08/2020,06/09/2020,Backpacker
9089,31/07/2020,14/08/2020,Standard
2435,10/09/2020,20/09/2020,Business
3598,17/10/2020,24/10/2020,Business
7945,16/08/2020,30/08/2020,Senior
9651,24/07/2020,07/08/2020,Backpacker
7679,09/11/2020,23/11/2020,Business
6840,30/08/2020,13/09/2020,Backpacker
3405,28/08/2020,11/09/2020,Premium
2929,31/07/2020,14/08/2020,Backpacker
3120,25/07/2020,08/08/2020,Standard
3954,01/07/2020,15/07/2020,Standard
2833,11/07/2020,25/07/2020,Standard
1479,07/08/2020,21/08/2020,Backpacker
4973,11/07/2020,25/07/2020,Standard
9899,22/07/2020,05/08/2020,Premium
1137,09/07/2020,23/07/2020,Premium
2311,09/11/2020,21/11/2020,Business
5960,10/07/2020,13/07/2020,Business
2507,24/07/2020,07/08/2020,Standard
4104,19/07/2020,02/08/2020,Backpacker
2995,07/03/2020,14/03/2020,Business
4093,19/08/2020,02/09/2020,Backpacker
8285,09/07/2020,23/07/2020,Standard
5429,20/08/2020,03/09/2020,Standard
6742,09/08/2020,23/08/2020,Senior
4339,20/08/2020,03/09/2020,Standard
5169,18/07/2020,01/08/2020,Standard
5361,12/02/2020,17/02/2020,Business
8440,03/07/2020,17/07/2020,Backpacker
5957,20/08/2020,03/09/2020,Backpacker
3728,07/09/2020,11/09/2020,Business
6324,09/07/2020,23/07/2020,Premium
5469,08/08/2020,22/08/2020,Senior
8430,17/12/2020,29/12/2020,Business
6436,17/07/2020,31/07/2020,Senior
1769,09/02/2020,21/02/2020,Business
7606,19/08/2020,02/09/2020,Standard
7250,14/07/2020,28/07/2020,Senior
1489,29/07/2020,12/08/2020,Premium
6372,16/07/2020,30/07/2020,Backpacker
9954,29/10/2020,12/11/2020,Business
9957,09/04/2020,15/04/2020,Business
5416,08/07/2020,22/07/2020,Premium
4385,13/07/2020,27/07/2020,Premium
8992,13/08/2020,27/08/2020,Backpacker
8884,08/08/2020,22/08/2020,Premium
2510,01/08/2020,14/08/2020,Business
4233,15/08/2020,29/08/2020,Standard
3569,05/08/2020,19/08/2020,Backpacker
9788,24/07/2020,07/08/2020,Backpacker
4934,09/06/2020,17/06/2020,Business
1885,21/07/2020,28/07/2020,Business
9268,14/07/2020,28/07/2020,Premium
3733,04/08/2020,18/08/2020,Premium
3423,31/05/2020,09/06/2020,Business
5995,04/08/2020,18/08/2020,Standard
7795,30/07/2020,13/08/2020,Premium
2150,01/08/2020,15/08/2020,Backpacker
5064,22/08/2020,05/09/2020,Premium
6630,24/08/2020,07/09/2020,Backpacker
8321,14/12/2020,19/12/2020,Business
8549,15/07/2020,29/07/2020,Senior
3400,26/08/2020,09/09/2020,Standard
2537,03/09/2020,10/09/2020,Business
8330,18/08/2020,01/09/2020,Premium
6985,10/07/2020,14/07/2020,Business
4781,10/06/2020,15/06/2020,Business
8858,13/03/2020,20/03/2020,Business
3842,02/01/2020,13/01/2020,Business
2838,07/12/2020,19/12/2020,Business
5470,11/02/2020,16/02/2020,Business
2141,17/10/2020,31/10/2020,Business
2779,23/07/2020,06/08/2020,Backpacker
8896,09/06/2020,19/06/2020,Business
6343,01/07/2020,15/07/2020,Premium
8541,01/07/2020,15/07/2020,Standard
6860,22/08/2020,05/09/2020,Premium
5717,17/07/2020,31/07/2020,Standard
3379,16/08/2020,30/08/2020,Standard
5954,05/07/2020,19/07/2020,Standard
8951,26/06/2020,27/06/2020,Business
8157,26/08/2020,09/09/2020,Standard
9501,20/06/2020,29/06/2020,Business
4808,23/08/2020,06/09/2020,Senior
9254,18/11/2020,28/11/2020,Business
9527,08/07/2020,22/07/2020,Backpacker
2173,28/07/2020,11/08/2020,Backpacker
9536,06/08/2020,20/08/2020,Backpacker
8656,28/07/2020,11/08/2020,Premium
6285,02/06/2020,07/06/2020,Business
4807,24/08/2020,07/09/2020,Premium
3250,05/07/2020,19/07/2020,Standard
5916,18/07/2020,01/08/2020,Backpacker
8000,22/08/2020,05/09/2020,Backpacker
3309,06/08/2020,20/08/2020,Standard
9163,23/08/2020,06/09/2020,Premium
9599,22/08/2020,05/09/2020,Standard
4428,01/08/2020,15/08/2020,Standard
8898,03/11/2020,09/11/2020,Business
1465,07/02/2020,16/02/2020,Business
4281,03/01/2020,06/01/2020,Business
8528,19/08/2020,02/09/2020,Premium
1753,26/08/2020,09/09/2020,Standard
7287,12/07/2020,19/07/2020,Business
4270,15/12/2020,19/12/2020,Business
6481,18/07/2020,01/08/2020,Standard
4848,29/08/2020,12/09/2020,Premium
6512,01/07/2020,15/07/2020,Premium
2768,14/07/2020,28/07/2020,Premium
7482,29/08/2020,12/09/2020,Standard
2564,04/08/2020,18/08/2020,Premium
8606,31/07/2020,14/08/2020,Standard
5378,04/08/2020,18/08/2020,Premium
1290,04/02/2020,14/02/2020,Business
7920,17/07/2020,31/07/2020,Backpacker
3386,05/08/2020,19/08/2020,Standard
3128,14/08/2020,28/08/2020,Standard
5222,07/07/2020,21/07/2020,Senior
9116,14/09/2020,23/09/2020,Business
6490,18/06/2020,20/06/2020,Business
5400,14/08/2020,28/08/2020,Backpacker
2520,22/08/2020,05/09/2020,Senior
9287,18/08/2020,01/09/2020,Standard
2424,06/07/2020,14/07/2020,Business
9978,06/07/2020,20/07/2020,Premium
5502,08/08/2020,22/08/2020,Standard
3058,26/08/2020,09/09/2020,Premium
1077,06/07/2020,20/07/2020,Senior
7707,02/08/2020,16/08/2020,Premium
3652,03/07/2020,17/07/2020,Standard
2361,29/07/2020,12/08/2020,Standard
5262,26/08/2020,31/08/2020,Business
1889,30/07/2020,13/08/2020,Premium
5598,12/07/2020,26/07/2020,Senior
7143,18/08/2020,01/09/2020,Backpacker
4058,18/07/2020,01/08/2020,Standard
3052,25/12/2020,02/01/2021,Business
4215,19/09/2020,01/10/2020,Business
8892,20/07/2020,29/07/2020,Business
4433,26/07/2020,09/08/2020,Premium
7058,03/07/2020,17/07/2020,Standard
3216,25/07/2020,08/08/2020,Backpacker
2969,09/07/2020,23/07/2020,Premium
2800,13/07/2020,27/07/2020,Senior
6925,08/02/2020,09/02/2020,Business
9968,30/08/2020,13/09/2020,Backpacker
3839,13/07/2020,24/07/2020,Business
5875,08/08/2020,22/08/2020,Standard
1994,25/11/2020,27/11/2020,Business
8817,16/08/2020,30/08/2020,Standard
3853,05/07/2020,18/07/2020,Business
6731,31/07/2020,14/08/2020,Premium
7203,31/08/2020,14/09/2020,Standard
8681,18/07/2020,01/08/2020,Standard
9930,16/07/2020,30/07/2020,Standard
6012,16/07/2020,30/07/2020,Premium
8722,27/08/2020,10/09/2020,Premium
4640,20/11/2020,04/12/2020,Business
7536,16/08/2020,30/08/2020,Standard
4287,18/11/2020,02/12/2020,Business
6402,15/08/2020,29/08/2020,Standard
1223,29/08/2020,12/09/2020,Backpacker
5203,16/07/2020,30/07/2020,Standard
4123,21/07/2020,04/08/2020,Standard
8097,29/07/2020,12/08/2020,Premium
2613,08/08/2020,22/08/2020,Backpacker
6675,31/08/2020,14/09/2020,Premium
9749,26/07/2020,09/08/2020,Standard
5822,22/05/2020,27/05/2020,Business
3368,21/08/2020,04/09/2020,Backpacker
8365,31/07/2020,14/08/2020,Premium
4084,24/08/2020,07/09/2020,Premium
1384,29/10/2020,11/11/2020,Business
3854,29/08/2020,12/09/2020,Backpacker
1385,28/08/2020,11/09/2020,Standard
4601,22/08/2020,05/09/2020,Premium
7034,06/07/2020,20/07/2020,Premium
2566,30/10/2020,03/11/2020,Business
3036,22/07/2020,05/08/2020,Premium
3431,31/10/2020,14/11/2020,Business
4909,29/08/2020,12/09/2020,Premium
2710,25/07/2020,08/08/2020,Standard
4981,26/04/2020,08/05/2020,Business
5634,06/08/2020,20/08/2020,Senior
2382,05/08/2020,19/08/2020,Backpacker
7905,27/04/2020,11/05/2020,Business
5354,07/06/2020,16/06/2020,Business
9256,09/08/2020,23/08/2020,Premium
2942,16/07/2020,30/07/2020,Senior
8203,21/04/2020,01/05/2020,Business
6225,19/08/2020,02/09/2020,Backpacker
6130,21/07/2020,24/07/2020,Business
1675,20/04/2020,04/05/2020,Business
1362,19/08/2020,02/09/2020,Standard
2280,01/08/2020,11/08/2020,Business
8551,07/08/2020,21/08/2020,Standard
7761,12/07/2020,26/07/2020,Standard
3154,23/08/2020,06/09/2020,Standard
2570,03/07/2020,17/07/2020,Senior
7216,14/08/2020,28/08/2020,Backpacker
1472,15/08/2020,29/08/2020,Premium
2546,29/07/2020,12/08/2020,Backpacker
4089,02/08/2020,16/08/2020,Backpacker
8887,17/08/2020,31/08/2020,Standard
4003,06/09/2020,11/09/2020,Business
2499,02/07/2020,16/07/2020,Senior
4571,27/08/2020,06/09/2020,Business
9232,24/07/2020,07/08/2020,Backpacker
2488,30/05/2020,02/06/2020,Business
4674,20/11/2020,29/11/2020,Business
6686,08/08/2020,22/08/2020,Premium
5261,18/07/2020,01/08/2020,Premium
5593,25/08/2020,08/09/2020,Senior
3323,21/07/2020,04/08/2020,Backpacker
5078,09/07/2020,23/07/2020,Backpacker
8924,20/09/2020,26/09/2020,Business
1574,07/08/2020,21/08/2020,Standard
1781,08/07/2020,22/07/2020,Standard
6299,21/08/2020,04/09/2020,Standard
9950,08/08/2020,22/08/2020,Backpacker
5253,13/08/2020,27/08/2020,Senior
9860,14/08/2020,28/08/2020,Premium
3282,20/07/2020,03/08/2020,Standard
5006,18/06/2020,02/07/2020,Business
4930,09/08/2020,23/08/2020,Premium
3418,12/07/2020,26/07/2020,Backpacker
6568,20/08/2020,03/09/2020,Standard
9270,26/07/2020,09/08/2020,Premium
1834,17/07/2020,31/07/2020,Premium
6612,22/03/2020,30/03/2020,Business
6499,01/08/2020,15/08/2020,Backpacker
2084,29/07/2020,12/08/2020,Backpacker
9277,10/09/2020,15/09/2020,Business
7711,29/07/2020,12/08/2020,Premium
7678,31/08/2020,14/09/2020,Premium
7283,21/08/2020,04/09/2020,Standard
3484,23/02/2020,28/02/2020,Business
5569,25/09/2020,05/10/2020,Business
5182,20/05/2020,25/05/2020,Business
8194,30/07/2020,13/08/2020,Premium
8202,07/08/2020,21/08/2020,Standard
1996,07/02/2020,18/02/2020,Business
5074,27/08/2020,10/09/2020,Senior
1435,15/12/2020,16/12/2020,Business
8979,20/08/2020,03/09/2020,Standard
8932,20/03/2020,25/03/2020,Business
6151,04/07/2020,18/07/2020,Backpacker
1402,22/07/2020,05/08/2020,Backpacker
3500,18/08/2020,01/09/2020,Backpacker
2253,16/08/2020,30/08/2020,Backpacker
9936,29/06/2020,01/07/2020,Business
8532,23/07/2020,06/08/2020,Backpacker
7929,12/07/2020,26/07/2020,Premium
6899,06/08/2020,20/08/2020,Standard
1801,20/07/2020,03/08/2020,Backpacker
4822,25/03/2020,31/03/2020,Business
3468,10/04/2020,20/04/2020,Business
6258,13/08/2020,27/08/2020,Backpacker
4193,10/08/2020,24/08/2020,Backpacker
3460,10/08/2020,24/08/2020,Premium
2565,12/11/2020,19/11/2020,Business
6094,12/08/2020,26/08/2020,Premium
8360,31/08/2020,14/09/2020,Premium
7165,18/08/2020,01/09/2020,Senior
6053,04/07/2020,18/07/2020,Standard
4174,27/09/2020,29/09/2020,Business
2120,17/07/2020,31/07/2020,Premium
3429,29/12/2020,02/01/2021,Business
6701,02/07/2020,16/07/2020,Backpacker
7816,09/08/2020,23/08/2020,Standard
9606,09/07/2020,23/07/2020,Standard
4941,10/07/2020,24/07/2020,Premium
6650,21/08/2020,04/09/2020,Backpacker
6886,02/07/2020,16/07/2020,Premium
5023,30/05/2020,03/06/2020,Business
9660,08/07/2020,18/07/2020,Business
1821,01/08/2020,15/08/2020,Standard
3088,16/07/2020,30/07/2020,Premium
1119,19/08/2020,02/09/2020,Backpacker
6573,11/01/2020,22/01/2020,Business
3650,10/07/2020,24/07/2020,Standard
5278,12/07/2020,20/07/2020,Business
4153,01/07/2020,15/07/2020,Standard
3003,28/07/2020,11/08/2020,Backpacker
6382,30/07/2020,13/08/2020,Premium
8268,19/08/2020,02/09/2020,Premium
2984,29/07/2020,12/08/2020,Standard
1794,07/07/2020,21/07/2020,Standard
7460,31/08/2020,14/09/2020,Premium
9485,10/08/2020,12/08/2020,Business
4475,24/09/2020,03/10/2020,Business
2215,13/04/2020,25/04/2020,Business
8049,24/08/2020,07/09/2020,Senior
6705,06/02/2020,19/02/2020,Business
1318,28/08/2020,11/09/2020,Backpacker
1813,04/08/2020,18/08/2020,Standard
7988,20/11/2020,28/11/2020,Business
8827,03/08/2020,17/08/2020,Backpacker
5419,17/07/2020,31/07/2020,Standard
3155,18/06/2020,02/07/2020,Business
9993,25/08/2020,08/09/2020,Backpacker
4953,04/07/2020,18/07/2020,Standard
1497,31/08/2020,14/09/2020,Backpacker
3380,12/11/2020,13/11/2020,Business
4446,21/07/2020,28/07/2020,Business
8885,10/08/2020,24/08/2020,Premium
4686,07/08/2020,21/08/2020,Backpacker
6878,14/07/2020,28/07/2020,Backpacker
3191,08/08/2020,22/08/2020,Senior
5802,09/08/2020,23/08/2020,Standard
1726,04/11/2020,14/11/2020,Business
1603,16/07/2020,30/07/2020,Premium
2689,18/07/2020,01/08/2020,Senior
7268,16/08/2020,30/08/2020,Standard
7582,17/08/2020,31/08/2020,Premium
4179,27/06/2020,11/07/2020,Business
4410,24/08/2020,07/09/2020,Premium
5295,17/06/2020,25/06/2020,Business
1265,18/08/2020,01/09/2020,Backpacker
5050,03/07/2020,17/07/2020,Premium
4528,18/03/2020,30/03/2020,Business
9668,12/07/2020,26/07/2020,Standard
9312,03/11/2020,04/11/2020,Business
7469,30/08/2020,13/09/2020,Standard
3846,29/06/2020,09/07/2020,Business
5032,12/05/2020,24/05/2020,Business
9845,04/08/2020,18/08/2020,Premium
9672,01/01/2020,04/01/2020,Business
5584,13/12/2020,20/12/2020,Business
1840,29/07/2020,08/08/2020,Business
6009,07/08/2020,21/08/2020,Premium
5911,14/08/2020,28/08/2020,Standard
4248,22/07/2020,05/08/2020,Senior
6415,20/08/2020,03/09/2020,Standard
